ID,HOURS
0,0
1,1
2,2
3,3
4,4
5,5
6,6
7,7
8,8
9,9
10,10
11,11
12,12
13,13
14,14
15,15
16,16
17,17
18,18
19,19
20,20
21,21
22,22
23,23
24,24
25,25
26,26
27,27
28,28
29,29
30,30
31,31
32,32
33,33
34,34
35,35
36,36
37,37
38,38
39,39
40,40
41,41
42,42
43,43
44,44
45,45
46,46
47,47
48,48
49,49
50,50
51,51
52,52
53,53
54,54
55,55
56,56
57,57
58,58
59,59
60,60
61,61
62,62
63,63
64,64
65,65
66,66
67,67
68,68
69,69
70,70
71,71
72,72
73,73
74,74
75,75
76,76
77,77
78,78
79,79
80,80
81,81
82,82
83,83
84,84
85,85
86,86
87,87
88,88
89,89
90,90
91,91
92,92
93,93
94,94
95,95
96,96
97,97
98,98
99,99
100,100
101,101
102,102
103,103
104,104
105,105
106,106
107,107
108,108
109,109
110,110
111,111
112,112
113,113
114,114
115,115
116,115
117,115
118,115
119,115
120,115
121,115
122,115
123,115
124,115
125,115
126,115
127,115
128,115
129,115
130,115
131,115
132,115
133,115
134,115
135,115
136,115
137,115
138,115
139,115
140,115
141,115
142,115
143,115
144,115
145,115
146,115
147,115
148,115
149,115
150,115
151,115
152,115
153,115
154,115
155,115
156,115
157,115
158,116
159,117
160,118
161,119
162,120
163,121
164,122
165,123
166,124
167,125
168,126
169,127
170,128
171,129
172,130
173,131
174,132
175,133
176,134
177,135
178,136
179,137
180,138
181,139
182,140
183,141
184,142
185,143
186,144
187,145
188,146
189,147
190,148
191,149
192,150
193,151
194,152
195,153
196,154
197,155
198,156
199,157
200,158
201,159
202,160
203,161
204,162
205,163
206,164
207,165
208,166
209,167
210,168
211,169
212,170
213,171
214,172
215,173
216,174
217,175
218,176
219,177
220,178
221,179
222,180
223,181
224,182
225,183
226,184
227,185
228,186
229,187
230,188
231,189
232,190
233,191
234,192
235,193
236,194
237,195
238,196
239,197
240,198
241,199
242,200
243,201
244,202
245,203
246,204
247,205
248,206
249,207
250,208
251,209
252,210
253,211
254,212
255,213
256,214
257,215
258,216
259,217
260,218
261,219
262,220
263,221
264,222
265,223
266,224
267,225
268,226
269,227
270,228
271,229
272,230
273,231
274,232
275,233
276,234
277,235
278,236
279,237
280,238
281,239
282,240
283,241
284,242
285,243
286,244
287,245
288,246
289,247
290,248
291,249
292,250
293,251
294,252
295,253
296,254
297,255
298,256
299,257
300,258
301,259
302,260
303,261
304,262
305,263
306,264
307,265
308,266
309,267
310,268
311,269
312,270
313,271
314,272
315,273
316,274
317,275
318,276
319,277
320,278
321,279
322,280
323,281
324,282
325,283
326,284
327,285
328,286
329,287
330,288
331,289
332,290
333,291
334,292
335,293
336,294
337,295
338,296
339,297
340,298
341,299
342,300
343,301
344,302
345,303
346,304
347,305
348,306
349,307
350,308
351,309
352,310
353,311
354,312
355,313
356,314
357,315
358,316
359,317
360,318
361,319
362,320
363,321
364,322
365,323
366,324
367,325
368,326
369,327
370,328
371,329
372,330
373,331
374,332
375,333
376,334
377,335
378,336
379,337
380,338
381,339
382,340
383,341
384,342
385,343
386,344
387,345
388,346
389,347
390,348
391,349
392,350
393,351
394,352
395,353
396,354
397,355
398,356
399,357
400,358
401,359
402,360
403,361
404,362
405,363
406,364
407,365
408,366
409,367
410,368
411,369
412,370
413,371
414,372
415,373
416,374
417,375
418,376
419,377
420,378
421,379
422,380
423,381
424,382
425,383
426,384
427,385
428,386
429,387
430,388
431,389
432,390
433,391
434,392
435,393
436,394
437,395
438,396
439,397
440,398
441,399
442,400
443,401
444,402
445,403
446,404
447,405
448,406
449,407
450,408
451,409
452,410
453,411
454,412
455,413
456,414
457,415
458,416
459,417
460,418
461,419
462,420
463,421
464,422
465,423
466,424
467,425
468,426
469,427
470,428
471,429
472,430
473,431
474,432
475,433
476,434
477,435
478,436
479,437
480,438
481,439
482,440
483,441
484,442
485,443
486,444
487,445
488,446
489,447
490,448
491,449
492,450
493,451
494,452
495,453
496,454
497,455
498,456
499,457
500,458
501,459
502,460
503,461
504,462
505,463
506,464
507,465
508,466
509,467
510,468
511,469
512,470
513,471
514,472
515,473
516,474
517,475
518,476
519,477
520,478
521,479
522,480
523,481
524,482
525,483
526,484
527,485
528,486
529,487
530,488
531,489
532,490
533,491
534,492
535,493
536,494
537,495
538,496
539,497
540,498
541,499
542,500
543,501
544,502
545,503
546,504
547,505
548,506
549,507
550,508
551,509
552,510
553,511
554,512
555,513
556,514
557,515
558,516
559,517
560,518
561,519
562,520
563,521
564,522
565,523
566,524
567,525
568,526
569,527
570,528
571,529
572,530
573,531
574,532
575,533
576,534
577,535
578,536
579,537
580,538
581,539
582,540
583,541
584,542
585,543
586,544
587,545
588,546
589,547
590,548
591,549
592,550
593,551
594,552
595,553
596,554
597,555
598,556
599,557
600,558
601,559
602,560
603,561
604,562
605,563
606,564
607,565
608,566
609,567
610,568
611,569
612,570
613,571
614,572
615,573
616,574
617,575
618,576
619,577
620,578
621,579
622,580
623,581
624,582
625,583
626,584
627,585
628,586
629,587
630,588
631,589
632,590
633,591
634,592
635,593
636,594
637,595
638,596
639,597
640,598
641,599
642,600
643,601
644,602
645,603
646,604
647,605
648,606
649,607
650,608
651,609
652,610
653,611
654,612
655,613
656,614
657,615
658,616
659,617
660,618
661,619
662,620
663,621
664,622
665,623
666,624
667,625
668,626
669,627
670,628
671,629
672,630
673,631
674,632
675,633
676,634
677,635
678,636
679,637
680,638
681,639
682,640
683,641
684,642
685,643
686,644
687,645
688,646
689,647
690,648
691,649
692,650
693,651
694,652
695,653
696,654
697,655
698,656
699,657
700,658
701,659
702,660
703,661
704,662
705,663
706,664
707,665
708,666
709,667
710,668
711,669
712,670
713,671
714,672
715,673
716,674
717,675
718,676
719,677
720,678
721,679
722,680
723,681
724,682
725,683
726,684
727,685
728,686
729,687
730,688
731,689
732,690
733,691
734,692
735,693
736,694
737,695
738,696
739,697
740,698
741,699
742,700
743,701
744,702
745,703
746,704
747,705
748,706
749,707
750,708
751,709
752,710
753,711
754,712
755,713
756,714
757,715
758,716
759,717
760,718
761,719
762,720
763,721
764,722
765,723
766,724
767,725
768,726
769,727
770,728
771,729
772,730
773,731
774,732
775,733
776,734
777,735
778,736
779,737
780,738
781,739
782,740
783,741
784,742
785,743
786,744
787,745
788,746
789,747
790,748
791,749
792,750
793,751
794,752
795,753
796,754
797,755
798,756
799,757
800,758
801,759
802,760
803,761
804,762
805,763
806,764
807,765
808,766
809,767
810,768
811,769
812,770
813,771
814,772
815,773
816,774
817,775
818,776
819,777
820,778
821,779
822,780
823,781
824,782
825,783
826,784
827,785
828,786
829,787
830,788
831,789
832,790
833,791
834,792
835,793
836,794
837,795
838,796
839,797
840,798
841,799
842,800
843,801
844,802
845,803
846,804
847,805
848,806
849,807
850,808
851,809
852,810
853,811
854,812
855,813
856,814
857,815
858,816
859,817
860,818
861,819
862,820
863,821
864,822
865,823
866,824
867,825
868,826
869,827
870,828
871,829
872,830
873,831
874,832
875,833
876,834
877,835
878,836
879,837
880,838
881,839
882,840
883,841
884,842
885,843
886,843
887,843
888,843
889,843
890,843
891,843
892,843
893,843
894,843
895,843
896,843
897,843
898,843
899,843
900,843
901,843
902,843
903,843
904,843
905,843
906,843
907,843
908,843
909,843
910,843
911,843
912,843
913,843
914,843
915,843
916,843
917,843
918,844
919,845
920,846
921,847
922,848
923,849
924,850
925,850
926,850
927,850
928,850
929,850
930,850
931,850
932,850
933,850
934,850
935,850
936,850
937,850
938,850
939,850
940,850
941,850
942,850
943,850
944,850
945,850
946,850
947,850
948,850
949,850
950,850
951,850
952,850
953,850
954,850
955,850
956,850
957,850
958,850
959,850
960,850
961,850
962,850
963,850
964,850
965,850
966,850
967,850
968,850
969,850
970,850
971,850
972,850
973,850
974,850
975,850
976,850
977,850
978,850
979,850
980,850
981,850
982,850
983,850
984,850
985,850
986,850
987,850
988,850
989,850
990,850
991,850
992,850
993,850
994,850
995,850
996,850
997,850
998,850
999,850
1000,850
1001,850
1002,850
1003,850
1004,850
1005,850
1006,850
1007,850
1008,850
1009,850
1010,850
1011,850
1012,850
1013,850
1014,850
1015,850
1016,850
1017,850
1018,850
1019,850
1020,850
1021,850
1022,850
1023,850
1024,850
1025,850
1026,850
1027,850
1028,850
1029,850
1030,850
1031,850
1032,850
1033,850
1034,850
1035,850
1036,850
1037,850
1038,850
1039,850
1040,850
1041,850
1042,850
1043,850
1044,850
1045,850
1046,850
1047,850
1048,850
1049,850
1050,850
1051,850
1052,850
1053,850
1054,850
1055,850
1056,850
1057,850
1058,850
1059,850
1060,850
1061,850
1062,850
1063,850
1064,850
1065,850
1066,850
1067,850
1068,850
1069,850
1070,850
1071,850
1072,850
1073,850
1074,850
1075,850
1076,850
1077,850
1078,850
1079,850
1080,850
1081,850
1082,850
1083,850
1084,850
1085,850
1086,850
1087,850
1088,850
1089,850
1090,850
1091,850
1092,850
1093,850
1094,850
1095,850
1096,850
1097,850
1098,850
1099,850
1100,850
1101,850
1102,850
1103,850
1104,850
1105,850
1106,850
1107,850
1108,850
1109,850
1110,850
1111,850
1112,850
1113,850
1114,850
1115,850
1116,850
1117,850
1118,850
1119,850
1120,850
1121,850
1122,850
1123,850
1124,850
1125,850
1126,850
1127,850
1128,850
1129,850
1130,850
1131,850
1132,850
1133,850
1134,850
1135,850
1136,850
1137,850
1138,850
1139,850
1140,850
1141,850
1142,850
1143,850
1144,850
1145,850
1146,850
1147,850
1148,850
1149,850
1150,850
1151,850
1152,850
1153,850
1154,850
1155,850
1156,850
1157,850
1158,850
1159,850
1160,850
1161,850
1162,850
1163,850
1164,850
1165,850
1166,850
1167,850
1168,850
1169,850
1170,850
1171,850
1172,850
1173,850
1174,850
1175,850
1176,850
1177,850
1178,850
1179,850
1180,850
1181,850
1182,850
1183,850
1184,850
1185,850
1186,850
1187,850
1188,850
1189,850
1190,850
1191,850
1192,850
1193,850
1194,850
1195,850
1196,850
1197,850
1198,850
1199,850
1200,850
1201,850
1202,850
1203,850
1204,850
1205,850
1206,850
1207,850
1208,850
1209,850
1210,850
1211,850
1212,850
1213,850
1214,850
1215,850
1216,850
1217,850
1218,850
1219,850
1220,850
1221,850
1222,850
1223,850
1224,850
1225,850
1226,850
1227,850
1228,850
1229,850
1230,850
1231,850
1232,850
1233,850
1234,850
1235,850
1236,850
1237,850
1238,850
1239,850
1240,850
1241,850
1242,850
1243,850
1244,850
1245,850
1246,850
1247,850
1248,850
1249,850
1250,850
1251,850
1252,850
1253,850
1254,850
1255,850
1256,850
1257,850
1258,850
1259,850
1260,850
1261,850
1262,850
1263,850
1264,850
1265,850
1266,850
1267,850
1268,850
1269,850
1270,850
1271,850
1272,850
1273,850
1274,850
1275,850
1276,850
1277,850
1278,850
1279,850
1280,850
1281,850
1282,850
1283,850
1284,850
1285,850
1286,850
1287,850
1288,850
1289,850
1290,850
1291,850
1292,850
1293,850
1294,850
1295,850
1296,850
1297,850
1298,850
1299,850
1300,850
1301,850
1302,850
1303,850
1304,850
1305,850
1306,850
1307,850
1308,850
1309,850
1310,850
1311,850
1312,850
1313,850
1314,850
1315,850
1316,850
1317,850
1318,850
1319,850
1320,850
1321,850
1322,850
1323,850
1324,850
1325,850
1326,850
1327,850
1328,850
1329,850
1330,850
1331,850
1332,850
1333,850
1334,850
1335,850
1336,850
1337,850
1338,851
1339,852
1340,853
1341,854
1342,855
1343,856
1344,857
1345,858
1346,859
1347,860
1348,861
1349,862
1350,863
1351,864
1352,865
1353,866
1354,867
1355,868
1356,869
1357,870
1358,871
1359,872
1360,873
1361,874
1362,875
1363,876
1364,877
1365,878
1366,879
1367,880
1368,881
1369,882
1370,883
1371,884
1372,885
1373,886
1374,887
1375,888
1376,889
1377,890
1378,891
1379,892
1380,893
1381,894
1382,895
1383,896
1384,897
1385,898
1386,899
1387,900
1388,901
1389,902
1390,903
1391,904
1392,905
1393,906
1394,907
1395,908
1396,909
1397,910
1398,911
1399,912
1400,913
1401,914
1402,915
1403,916
1404,917
1405,918
1406,919
1407,920
1408,921
1409,922
1410,923
1411,924
1412,925
1413,926
1414,927
1415,928
1416,929
1417,930
1418,931
1419,932
1420,933
1421,934
1422,935
1423,936
1424,937
1425,938
1426,939
1427,940
1428,941
1429,942
1430,943
1431,944
1432,945
1433,946
1434,947
1435,948
1436,949
1437,950
1438,951
1439,952
1440,953
1441,954
1442,955
1443,956
1444,957
1445,958
1446,959
1447,960
1448,961
1449,962
1450,963
1451,964
1452,965
1453,966
1454,967
1455,968
1456,969
1457,970
1458,971
1459,972
1460,973
1461,974
1462,975
1463,976
1464,977
1465,978
1466,979
1467,980
1468,981
1469,982
1470,983
1471,984
1472,985
1473,986
1474,987
1475,988
1476,989
1477,990
1478,991
1479,992
1480,993
1481,994
1482,995
1483,996
1484,997
1485,998
1486,999
1487,1000
1488,1001
1489,1002
1490,1003
1491,1004
1492,1005
1493,1006
1494,1007
1495,1008
1496,1009
1497,1010
1498,1011
1499,1012
1500,1013
1501,1014
1502,1015
1503,1016
1504,1017
1505,1018
1506,1019
1507,1020
1508,1021
1509,1022
1510,1023
1511,1024
1512,1025
1513,1026
1514,1027
1515,1028
1516,1029
1517,1030
1518,1031
1519,1032
1520,1033
1521,1034
1522,1035
1523,1036
1524,1037
1525,1038
1526,1039
1527,1040
1528,1041
1529,1042
1530,1043
1531,1044
1532,1045
1533,1046
1534,1047
1535,1048
1536,1049
1537,1050
1538,1051
1539,1052
1540,1053
1541,1054
1542,1055
1543,1056
1544,1057
1545,1058
1546,1059
1547,1060
1548,1061
1549,1062
1550,1063
1551,1064
1552,1065
1553,1066
1554,1067
1555,1068
1556,1069
1557,1070
1558,1071
1559,1072
1560,1073
1561,1074
1562,1075
1563,1076
1564,1077
1565,1078
1566,1079
1567,1080
1568,1081
1569,1082
1570,1083
1571,1084
1572,1085
1573,1086
1574,1087
1575,1088
1576,1089
1577,1090
1578,1091
1579,1092
1580,1093
1581,1094
1582,1095
1583,1096
1584,1097
1585,1098
1586,1099
1587,1100
1588,1101
1589,1102
1590,1103
1591,1104
1592,1105
1593,1106
1594,1107
1595,1108
1596,1109
1597,1110
1598,1111
1599,1112
1600,1113
1601,1114
1602,1115
1603,1116
1604,1117
1605,1118
1606,1119
1607,1120
1608,1121
1609,1122
1610,1123
1611,1124
1612,1125
1613,1126
1614,1127
1615,1128
1616,1129
1617,1130
1618,1131
1619,1132
1620,1133
1621,1134
1622,1135
1623,1136
1624,1137
1625,1138
1626,1139
1627,1140
1628,1141
1629,1142
1630,1143
1631,1144
1632,1145
1633,1146
1634,1147
1635,1148
1636,1149
1637,1150
1638,1151
1639,1152
1640,1153
1641,1154
1642,1155
1643,1156
1644,1157
1645,1158
1646,1159
1647,1160
1648,1161
1649,1162
1650,1163
1651,1164
1652,1165
1653,1166
1654,1167
1655,1168
1656,1169
1657,1170
1658,1171
1659,1172
1660,1173
1661,1174
1662,1175
1663,1176
1664,1177
1665,1178
1666,1179
1667,1180
1668,1181
1669,1182
1670,1183
1671,1184
1672,1185
1673,1186
1674,1187
1675,1188
1676,1189
1677,1190
1678,1191
1679,1192
1680,1193
1681,1194
1682,1195
1683,1196
1684,1197
1685,1198
1686,1199
1687,1200
1688,1201
1689,1202
1690,1203
1691,1204
1692,1205
1693,1206
1694,1207
1695,1208
1696,1209
1697,1210
1698,1211
1699,1212
1700,1213
1701,1214
1702,1215
1703,1216
1704,1217
1705,1218
1706,1219
1707,1220
1708,1221
1709,1222
1710,1223
1711,1224
1712,1225
1713,1226
1714,1227
1715,1228
1716,1229
1717,1230
1718,1231
1719,1232
1720,1233
1721,1234
1722,1235
1723,1236
1724,1237
1725,1238
1726,1239
1727,1240
1728,1241
1729,1242
1730,1243
1731,1244
1732,1245
1733,1246
1734,1247
1735,1248
1736,1249
1737,1250
1738,1251
1739,1252
1740,1253
1741,1254
1742,1255
1743,1256
1744,1257
1745,1258
1746,1259
1747,1260
1748,1261
1749,1262
1750,1263
1751,1264
1752,1265
1753,1266
1754,1267
1755,1268
1756,1269
1757,1270
1758,1271
1759,1272
1760,1273
1761,1274
1762,1275
1763,1276
1764,1277
1765,1278
1766,1279
1767,1280
1768,1280
1769,1280
1770,1280
1771,1280
1772,1280
1773,1280
1774,1280
1775,1280
1776,1280
1777,1280
1778,1280
1779,1280
1780,1280
1781,1280
1782,1280
1783,1280
1784,1280
1785,1280
1786,1280
1787,1280
1788,1280
1789,1280
1790,1280
1791,1280
1792,1280
1793,1280
1794,1280
1795,1280
1796,1280
1797,1280
1798,1280
1799,1280
1800,1280
1801,1280
1802,1280
1803,1280
1804,1280
1805,1280
1806,1280
1807,1280
1808,1280
1809,1280
1810,1280
1811,1280
1812,1280
1813,1280
1814,1280
1815,1280
1816,1280
1817,1280
1818,1280
1819,1280
1820,1280
1821,1280
1822,1280
1823,1280
1824,1280
1825,1280
1826,1280
1827,1280
1828,1280
1829,1280
1830,1280
1831,1280
1832,1280
1833,1280
1834,1280
1835,1280
1836,1280
1837,1280
1838,1280
1839,1280
1840,1280
1841,1280
1842,1280
1843,1280
1844,1280
1845,1280
1846,1280
1847,1280
1848,1280
1849,1280
1850,1280
1851,1280
1852,1280
1853,1280
1854,1280
1855,1280
1856,1280
1857,1280
1858,1280
1859,1280
1860,1280
1861,1280
1862,1280
1863,1280
1864,1280
1865,1280
1866,1280
1867,1280
1868,1280
1869,1280
1870,1280
1871,1280
1872,1280
1873,1280
1874,1280
1875,1280
1876,1280
1877,1280
1878,1280
1879,1280
1880,1280
1881,1280
1882,1280
1883,1280
1884,1280
1885,1280
1886,1280
1887,1280
1888,1280
1889,1280
1890,1280
1891,1280
1892,1280
1893,1280
1894,1280
1895,1280
1896,1280
1897,1280
1898,1280
1899,1280
1900,1280
1901,1280
1902,1280
1903,1280
1904,1280
1905,1280
1906,1280
1907,1280
1908,1280
1909,1280
1910,1280
1911,1280
1912,1280
1913,1280
1914,1280
1915,1280
1916,1280
1917,1280
1918,1280
1919,1280
1920,1280
1921,1280
1922,1280
1923,1280
1924,1280
1925,1280
1926,1280
1927,1280
1928,1280
1929,1280
1930,1280
1931,1280
1932,1280
1933,1280
1934,1280
1935,1280
1936,1280
1937,1280
1938,1280
1939,1280
1940,1280
1941,1280
1942,1280
1943,1280
1944,1280
1945,1280
1946,1280
1947,1280
1948,1280
1949,1280
1950,1281
1951,1282
1952,1283
1953,1284
1954,1285
1955,1286
1956,1287
1957,1288
1958,1289
1959,1290
1960,1291
1961,1292
1962,1293
1963,1294
1964,1295
1965,1296
1966,1297
1967,1298
1968,1299
1969,1300
1970,1301
1971,1302
1972,1303
1973,1304
1974,1305
1975,1306
1976,1307
1977,1308
1978,1309
1979,1310
1980,1311
1981,1312
1982,1313
1983,1314
1984,1315
1985,1316
1986,1317
1987,1318
1988,1319
1989,1320
1990,1321
1991,1322
1992,1323
1993,1324
1994,1325
1995,1326
1996,1327
1997,1328
1998,1329
1999,1330
2000,1331
2001,1332
2002,1333
2003,1334
2004,1335
2005,1336
2006,1337
2007,1338
2008,1339
2009,1340
2010,1341
2011,1342
2012,1343
2013,1344
2014,1345
2015,1346
2016,1347
2017,1348
2018,1349
2019,1350
2020,1351
2021,1352
2022,1353
2023,1354
2024,1355
2025,1356
2026,1357
2027,1358
2028,1359
2029,1360
2030,1361
2031,1362
2032,1363
2033,1364
2034,1365
2035,1366
2036,1367
2037,1368
2038,1369
2039,1370
2040,1371
2041,1372
2042,1373
2043,1374
2044,1375
2045,1376
2046,1377
2047,1378
2048,1379
2049,1380
2050,1381
2051,1382
2052,1383
2053,1384
2054,1385
2055,1386
2056,1387
2057,1388
2058,1389
2059,1390
2060,1391
2061,1392
2062,1393
2063,1394
2064,1395
2065,1396
2066,1397
2067,1398
2068,1399
2069,1400
2070,1401
2071,1402
2072,1403
2073,1404
2074,1405
2075,1406
2076,1407
2077,1408
2078,1409
2079,1410
2080,1411
2081,1412
2082,1413
2083,1414
2084,1415
2085,1416
2086,1417
2087,1418
2088,1419
2089,1420
2090,1421
2091,1422
2092,1423
2093,1424
2094,1425
2095,1426
2096,1427
2097,1428
2098,1429
2099,1430
2100,1431
2101,1432
2102,1433
2103,1434
2104,1435
2105,1436
2106,1437
2107,1438
2108,1439
2109,1440
2110,1441
2111,1442
2112,1443
2113,1444
2114,1445
2115,1446
2116,1447
2117,1448
2118,1449
2119,1450
2120,1451
2121,1452
2122,1453
2123,1454
2124,1455
2125,1456
2126,1457
2127,1458
2128,1459
2129,1460
2130,1461
2131,1462
2132,1463
2133,1464
2134,1465
2135,1466
2136,1467
2137,1468
2138,1469
2139,1470
2140,1471
2141,1472
2142,1473
2143,1474
2144,1475
2145,1476
2146,1477
2147,1478
2148,1479
2149,1480
2150,1481
2151,1482
2152,1483
2153,1484
2154,1485
2155,1486
2156,1487
2157,1487
2158,1487
2159,1487
2160,1487
2161,1487
2162,1487
2163,1487
2164,1487
2165,1487
2166,1487
2167,1487
2168,1487
2169,1487
2170,1487
2171,1487
2172,1487
2173,1487
2174,1487
2175,1487
2176,1487
2177,1487
2178,1487
2179,1487
2180,1487
2181,1487
2182,1487
2183,1487
2184,1487
2185,1487
2186,1487
2187,1487
2188,1487
2189,1487
2190,1487
2191,1487
2192,1487
2193,1487
2194,1487
2195,1487
2196,1487
2197,1487
2198,1487
2199,1487
2200,1487
2201,1487
2202,1487
2203,1487
2204,1487
2205,1487
2206,1487
2207,1487
2208,1488
2209,1489
2210,1490
2211,1491
2212,1492
2213,1493
2214,1494
2215,1495
2216,1496
2217,1497
2218,1498
2219,1499
2220,1500
2221,1501
2222,1502
2223,1503
2224,1504
2225,1505
2226,1506
2227,1507
2228,1508
2229,1509
2230,1510
2231,1511
2232,1512
2233,1513
2234,1514
2235,1515
2236,1516
2237,1517
2238,1518
2239,1519
2240,1520
2241,1521
2242,1522
2243,1523
2244,1524
2245,1525
2246,1526
2247,1527
2248,1528
2249,1529
2250,1530
2251,1531
2252,1532
2253,1533
2254,1534
2255,1535
2256,1536
2257,1537
2258,1538
2259,1539
2260,1540
2261,1541
2262,1542
2263,1543
2264,1544
2265,1545
2266,1546
2267,1547
2268,1548
2269,1549
2270,1550
2271,1551
2272,1552
2273,1553
2274,1554
2275,1555
2276,1556
2277,1557
2278,1558
2279,1559
2280,1560
2281,1561
2282,1562
2283,1563
2284,1564
2285,1565
2286,1566
2287,1567
2288,1568
2289,1569
2290,1570
2291,1571
2292,1572
2293,1573
2294,1574
2295,1575
2296,1576
2297,1577
2298,1578
2299,1579
2300,1580
2301,1581
2302,1582
2303,1583
2304,1584
2305,1585
2306,1586
2307,1587
2308,1588
2309,1589
2310,1590
2311,1591
2312,1592
2313,1593
2314,1594
2315,1595
2316,1596
2317,1597
2318,1598
2319,1599
2320,1600
2321,1601
2322,1602
2323,1603
2324,1604
2325,1605
2326,1606
2327,1607
2328,1608
2329,1609
2330,1610
2331,1611
2332,1612
2333,1613
2334,1614
2335,1615
2336,1616
2337,1617
2338,1618
2339,1619
2340,1620
2341,1621
2342,1622
2343,1623
2344,1624
2345,1625
2346,1626
2347,1627
2348,1628
2349,1629
2350,1630
2351,1631
2352,1632
2353,1633
2354,1634
2355,1635
2356,1636
2357,1637
2358,1638
2359,1639
2360,1640
2361,1641
2362,1642
2363,1643
2364,1644
2365,1645
2366,1646
2367,1647
2368,1648
2369,1649
2370,1650
2371,1651
2372,1652
2373,1653
2374,1654
2375,1655
2376,1656
2377,1657
2378,1658
2379,1659
2380,1660
2381,1661
2382,1662
2383,1663
2384,1664
2385,1665
2386,1666
2387,1667
2388,1668
2389,1669
2390,1670
2391,1671
2392,1672
2393,1673
2394,1674
2395,1675
2396,1675
2397,1675
2398,1675
2399,1675
2400,1675
2401,1675
2402,1675
2403,1676
2404,1677
2405,1678
2406,1679
2407,1680
2408,1681
2409,1682
2410,1683
2411,1684
2412,1685
2413,1686
2414,1687
2415,1688
2416,1689
2417,1690
2418,1691
2419,1692
2420,1693
2421,1694
2422,1695
2423,1696
2424,1697
2425,1698
2426,1699
2427,1700
2428,1701
2429,1702
2430,1703
2431,1704
2432,1705
2433,1706
2434,1707
2435,1708
2436,1709
2437,1710
2438,1711
2439,1712
2440,1713
2441,1714
2442,1715
2443,1716
2444,1717
2445,1718
2446,1719
2447,1720
2448,1721
2449,1722
2450,1723
2451,1724
2452,1725
2453,1726
2454,1727
2455,1728
2456,1729
2457,1730
2458,1731
2459,1732
2460,1733
2461,1734
2462,1735
2463,1736
2464,1737
2465,1738
2466,1739
2467,1740
2468,1741
2469,1742
2470,1743
2471,1744
2472,1745
2473,1746
2474,1747
2475,1748
2476,1749
2477,1750
2478,1751
2479,1752
2480,1753
2481,1754
2482,1755
2483,1756
2484,1757
2485,1758
2486,1759
2487,1760
2488,1761
2489,1762
2490,1763
2491,1764
2492,1765
2493,1766
2494,1767
2495,1768
2496,1769
2497,1770
2498,1771
2499,1772
2500,1773
2501,1774
2502,1775
2503,1776
2504,1777
2505,1778
2506,1779
2507,1780
2508,1781
2509,1782
2510,1783
2511,1784
2512,1785
2513,1786
2514,1787
2515,1788
2516,1789
2517,1790
2518,1791
2519,1792
2520,1793
2521,1794
2522,1795
2523,1796
2524,1797
2525,1798
2526,1799
2527,1800
2528,1801
2529,1802
2530,1803
2531,1804
2532,1805
2533,1806
2534,1807
2535,1808
2536,1809
2537,1810
2538,1811
2539,1812
2540,1813
2541,1814
2542,1815
2543,1816
2544,1817
2545,1818
2546,1819
2547,1820
2548,1821
2549,1822
2550,1823
2551,1824
2552,1825
2553,1826
2554,1827
2555,1828
2556,1829
2557,1830
2558,1831
2559,1832
2560,1833
2561,1834
2562,1835
2563,1836
2564,1837
2565,1838
2566,1839
2567,1840
2568,1841
2569,1842
2570,1843
2571,1844
2572,1845
2573,1846
2574,1847
2575,1848
2576,1849
2577,1850
2578,1851
2579,1852
2580,1853
2581,1854
2582,1855
2583,1856
2584,1857
2585,1858
2586,1859
2587,1860
2588,1861
2589,1862
2590,1863
2591,1864
2592,1865
2593,1866
2594,1867
2595,1868
2596,1869
2597,1870
2598,1871
2599,1872
2600,1873
2601,1874
2602,1875
2603,1876
2604,1877
2605,1878
2606,1879
2607,1880
2608,1881
2609,1882
2610,1883
2611,1884
2612,1885
2613,1886
2614,1887
2615,1888
2616,1889
2617,1890
2618,1891
2619,1892
2620,1893
2621,1894
2622,1895
2623,1896
2624,1897
2625,1898
2626,1899
2627,1900
2628,1901
2629,1902
2630,1903
2631,1904
2632,1905
2633,1906
2634,1907
2635,1908
2636,1909
2637,1910
2638,1911
2639,1912
2640,1913
2641,1914
2642,1915
2643,1916
2644,1917
2645,1918
2646,1919
2647,1920
2648,1921
2649,1922
2650,1923
2651,1924
2652,1925
2653,1926
2654,1927
2655,1928
2656,1929
2657,1930
2658,1931
2659,1931
2660,1931
2661,1931
2662,1931
2663,1931
2664,1931
2665,1931
2666,1931
2667,1931
2668,1931
2669,1931
2670,1931
2671,1931
2672,1931
2673,1931
2674,1931
2675,1931
2676,1931
2677,1931
2678,1931
2679,1931
2680,1931
2681,1931
2682,1931
2683,1931
2684,1931
2685,1931
2686,1932
2687,1933
2688,1934
2689,1935
2690,1936
2691,1937
2692,1938
2693,1939
2694,1940
2695,1940
2696,1940
2697,1940
2698,1940
2699,1940
2700,1940
2701,1940
2702,1940
2703,1940
2704,1940
2705,1940
2706,1940
2707,1940
2708,1940
2709,1940
2710,1940
2711,1940
2712,1940
2713,1940
2714,1940
2715,1940
2716,1940
2717,1940
2718,1940
2719,1940
2720,1940
2721,1940
2722,1940
2723,1940
2724,1940
2725,1940
2726,1940
2727,1940
2728,1940
2729,1940
2730,1940
2731,1940
2732,1940
2733,1940
2734,1940
2735,1940
2736,1940
2737,1940
2738,1940
2739,1940
2740,1940
2741,1940
2742,1940
2743,1940
2744,1940
2745,1940
2746,1940
2747,1940
2748,1940
2749,1940
2750,1940
2751,1940
2752,1940
2753,1940
2754,1940
2755,1940
2756,1940
2757,1940
2758,1940
2759,1940
2760,1940
2761,1940
2762,1940
2763,1940
2764,1940
2765,1940
2766,1940
2767,1940
2768,1940
2769,1940
2770,1940
2771,1940
2772,1940
2773,1940
2774,1940
2775,1940
2776,1940
2777,1940
2778,1940
2779,1940
2780,1940
2781,1940
2782,1940
2783,1940
2784,1940
2785,1940
2786,1940
2787,1940
2788,1940
2789,1940
2790,1940
2791,1940
2792,1940
2793,1940
2794,1940
2795,1940
2796,1940
2797,1940
2798,1940
2799,1940
2800,1940
2801,1940
2802,1940
2803,1940
2804,1940
2805,1940
2806,1940
2807,1940
2808,1940
2809,1940
2810,1940
2811,1940
2812,1940
2813,1940
2814,1940
2815,1940
2816,1940
2817,1940
2818,1940
2819,1940
2820,1940
2821,1940
2822,1940
2823,1940
2824,1940
2825,1940
2826,1940
2827,1940
2828,1940
2829,1940
2830,1940
2831,1940
2832,1940
2833,1940
2834,1940
2835,1940
2836,1940
2837,1940
2838,1940
2839,1940
2840,1940
2841,1940
2842,1940
2843,1940
2844,1940
2845,1940
2846,1940
2847,1940
2848,1940
2849,1940
2850,1940
2851,1940
2852,1940
2853,1940
2854,1940
2855,1940
2856,1940
2857,1940
2858,1940
2859,1940
2860,1940
2861,1940
2862,1940
2863,1940
2864,1940
2865,1940
2866,1940
2867,1940
2868,1940
2869,1940
2870,1940
2871,1940
2872,1940
2873,1940
2874,1940
2875,1940
2876,1940
2877,1940
2878,1940
2879,1940
2880,1940
2881,1940
2882,1940
2883,1940
2884,1940
2885,1940
2886,1940
2887,1940
2888,1940
2889,1940
2890,1940
2891,1940
2892,1940
2893,1940
2894,1940
2895,1940
2896,1940
2897,1940
2898,1940
2899,1940
2900,1940
2901,1940
2902,1940
2903,1940
2904,1940
2905,1940
2906,1940
2907,1940
2908,1940
2909,1940
2910,1940
2911,1940
2912,1940
2913,1940
2914,1940
2915,1940
2916,1940
2917,1940
2918,1940
2919,1940
2920,1940
2921,1940
2922,1940
2923,1940
2924,1940
2925,1940
2926,1940
2927,1940
2928,1940
2929,1940
2930,1940
2931,1940
2932,1940
2933,1940
2934,1940
2935,1940
2936,1940
2937,1940
2938,1940
2939,1940
2940,1940
2941,1940
2942,1940
2943,1940
2944,1940
2945,1940
2946,1940
2947,1940
2948,1940
2949,1940
2950,1940
2951,1940
2952,1940
2953,1940
2954,1940
2955,1940
2956,1940
2957,1940
2958,1940
2959,1940
2960,1940
2961,1940
2962,1940
2963,1940
2964,1940
2965,1940
2966,1940
2967,1940
2968,1940
2969,1940
2970,1940
2971,1940
2972,1940
2973,1940
2974,1940
2975,1940
2976,1940
2977,1940
2978,1940
2979,1940
2980,1940
2981,1940
2982,1940
2983,1940
2984,1940
2985,1940
2986,1940
2987,1940
2988,1940
2989,1940
2990,1940
2991,1940
2992,1940
2993,1940
2994,1940
2995,1940
2996,1940
2997,1940
2998,1940
2999,1940
3000,1940
3001,1940
3002,1940
3003,1940
3004,1940
3005,1940
3006,1940
3007,1940
3008,1940
3009,1940
3010,1940
3011,1940
3012,1940
3013,1940
3014,1940
3015,1940
3016,1940
3017,1940
3018,1940
3019,1940
3020,1940
3021,1940
3022,1940
3023,1940
3024,1940
3025,1940
3026,1940
3027,1940
3028,1940
3029,1940
3030,1940
3031,1940
3032,1940
3033,1940
3034,1940
3035,1940
3036,1940
3037,1940
3038,1940
3039,1941
3040,1942
3041,1943
3042,1944
3043,1945
3044,1946
3045,1947
3046,1948
3047,1949
3048,1950
3049,1951
3050,1952
3051,1953
3052,1954
3053,1955
3054,1956
3055,1957
3056,1958
3057,1959
3058,1960
3059,1961
3060,1962
3061,1963
3062,1964
3063,1965
3064,1966
3065,1967
3066,1968
3067,1969
3068,1970
3069,1971
3070,1972
3071,1973
3072,1974
3073,1975
3074,1976
3075,1977
3076,1978
3077,1979
3078,1980
3079,1981
3080,1982
3081,1983
3082,1984
3083,1985
3084,1986
3085,1987
3086,1988
3087,1989
3088,1990
3089,1991
3090,1992
3091,1993
3092,1994
3093,1995
3094,1996
3095,1997
3096,1998
3097,1999
3098,2000
3099,2001
3100,2002
3101,2003
3102,2004
3103,2005
3104,2006
3105,2007
3106,2008
3107,2009
3108,2010
3109,2011
3110,2012
3111,2013
3112,2014
3113,2015
3114,2016
3115,2017
3116,2018
3117,2019
3118,2020
3119,2021
3120,2022
3121,2023
3122,2024
3123,2025
3124,2026
3125,2027
3126,2028
3127,2028
3128,2028
3129,2028
3130,2028
3131,2028
3132,2028
3133,2028
3134,2028
3135,2028
3136,2028
3137,2028
3138,2028
3139,2028
3140,2028
3141,2028
3142,2028
3143,2028
3144,2028
3145,2028
3146,2028
3147,2028
3148,2028
3149,2028
3150,2028
3151,2028
3152,2028
3153,2028
3154,2028
3155,2028
3156,2028
3157,2028
3158,2028
3159,2028
3160,2028
3161,2028
3162,2028
3163,2028
3164,2028
3165,2028
3166,2028
3167,2028
3168,2028
3169,2028
3170,2028
3171,2028
3172,2028
3173,2028
3174,2028
3175,2028
3176,2028
3177,2028
3178,2028
3179,2028
3180,2028
3181,2028
3182,2028
3183,2028
3184,2028
3185,2028
3186,2028
3187,2028
3188,2028
3189,2028
3190,2028
3191,2028
3192,2028
3193,2028
3194,2028
3195,2028
3196,2028
3197,2028
3198,2028
3199,2028
3200,2028
3201,2028
3202,2028
3203,2028
3204,2028
3205,2028
3206,2028
3207,2028
3208,2028
3209,2028
3210,2028
3211,2028
3212,2028
3213,2028
3214,2028
3215,2028
3216,2028
3217,2028
3218,2028
3219,2028
3220,2028
3221,2028
3222,2028
3223,2028
3224,2028
3225,2028
3226,2028
3227,2028
3228,2028
3229,2028
3230,2028
3231,2028
3232,2028
3233,2028
3234,2028
3235,2028
3236,2028
3237,2028
3238,2028
3239,2029
3240,2030
3241,2031
3242,2032
3243,2033
3244,2034
3245,2035
3246,2036
3247,2037
3248,2038
3249,2039
3250,2040
3251,2041
3252,2042
3253,2043
3254,2044
3255,2045
3256,2046
3257,2047
3258,2048
3259,2049
3260,2050
3261,2051
3262,2052
3263,2053
3264,2054
3265,2055
3266,2056
3267,2057
3268,2058
3269,2059
3270,2060
3271,2061
3272,2062
3273,2063
3274,2064
3275,2065
3276,2066
3277,2067
3278,2068
3279,2069
3280,2070
3281,2071
3282,2072
3283,2073
3284,2074
3285,2075
3286,2076
3287,2077
3288,2078
3289,2079
3290,2079
3291,2079
3292,2079
3293,2079
3294,2079
3295,2079
3296,2079
3297,2079
3298,2079
3299,2079
3300,2079
3301,2079
3302,2079
3303,2079
3304,2079
3305,2079
3306,2079
3307,2079
3308,2079
3309,2079
3310,2079
3311,2079
3312,2079
3313,2079
3314,2079
3315,2079
3316,2079
3317,2079
3318,2079
3319,2079
3320,2079
3321,2079
3322,2079
3323,2079
3324,2079
3325,2079
3326,2079
3327,2079
3328,2079
3329,2079
3330,2079
3331,2079
3332,2079
3333,2079
3334,2079
3335,2079
3336,2079
3337,2079
3338,2079
3339,2079
3340,2079
3341,2079
3342,2079
3343,2079
3344,2079
3345,2079
3346,2079
3347,2079
3348,2079
3349,2079
3350,2079
3351,2079
3352,2079
3353,2079
3354,2079
3355,2079
3356,2080
3357,2081
3358,2082
3359,2083
3360,2084
3361,2085
3362,2086
3363,2087
3364,2088
3365,2089
3366,2090
3367,2091
3368,2092
3369,2093
3370,2094
3371,2095
3372,2096
3373,2097
3374,2098
3375,2099
3376,2100
3377,2101
3378,2102
3379,2103
3380,2104
3381,2105
3382,2106
3383,2107
3384,2108
3385,2109
3386,2110
3387,2111
3388,2112
3389,2113
3390,2114
3391,2115
3392,2116
3393,2117
3394,2118
3395,2119
3396,2120
3397,2121
3398,2122
3399,2123
3400,2124
3401,2125
3402,2126
3403,2127
3404,2128
3405,2129
3406,2130
3407,2131
3408,2132
3409,2133
3410,2134
3411,2135
3412,2136
3413,2137
3414,2138
3415,2139
3416,2140
3417,2141
3418,2142
3419,2143
3420,2144
3421,2145
3422,2146
3423,2147
3424,2148
3425,2149
3426,2150
3427,2151
3428,2152
3429,2153
3430,2154
3431,2155
3432,2156
3433,2157
3434,2158
3435,2159
3436,2160
3437,2161
3438,2162
3439,2163
3440,2164
3441,2165
3442,2166
3443,2167
3444,2168
3445,2169
3446,2170
3447,2171
3448,2172
3449,2173
3450,2174
3451,2175
3452,2176
3453,2177
3454,2178
3455,2179
3456,2180
3457,2181
3458,2182
3459,2183
3460,2184
3461,2185
3462,2186
3463,2187
3464,2188
3465,2189
3466,2190
3467,2191
3468,2192
3469,2193
3470,2194
3471,2195
3472,2196
3473,2197
3474,2198
3475,2199
3476,2200
3477,2201
3478,2202
3479,2203
3480,2204
3481,2205
3482,2206
3483,2207
3484,2208
3485,2209
3486,2210
3487,2211
3488,2212
3489,2213
3490,2214
3491,2215
3492,2216
3493,2217
3494,2218
3495,2219
3496,2220
3497,2221
3498,2222
3499,2223
3500,2224
3501,2225
3502,2226
3503,2227
3504,2228
3505,2229
3506,2230
3507,2231
3508,2232
3509,2233
3510,2234
3511,2235
3512,2236
3513,2237
3514,2238
3515,2239
3516,2240
3517,2241
3518,2242
3519,2243
3520,2244
3521,2245
3522,2246
3523,2247
3524,2248
3525,2249
3526,2250
3527,2251
3528,2252
3529,2253
3530,2254
3531,2255
3532,2256
3533,2257
3534,2258
3535,2259
3536,2260
3537,2261
3538,2262
3539,2263
3540,2264
3541,2265
3542,2266
3543,2267
3544,2268
3545,2269
3546,2270
3547,2271
3548,2272
3549,2273
3550,2274
3551,2275
3552,2276
3553,2277
3554,2278
3555,2279
3556,2280
3557,2281
3558,2282
3559,2283
3560,2284
3561,2285
3562,2286
3563,2287
3564,2288
3565,2289
3566,2290
3567,2291
3568,2292
3569,2293
3570,2294
3571,2295
3572,2296
3573,2297
3574,2298
3575,2299
3576,2300
3577,2301
3578,2302
3579,2303
3580,2304
3581,2305
3582,2306
3583,2307
3584,2308
3585,2309
3586,2310
3587,2311
3588,2312
3589,2313
3590,2314
3591,2315
3592,2316
3593,2317
3594,2318
3595,2319
3596,2320
3597,2321
3598,2322
3599,2323
3600,2324
3601,2325
3602,2326
3603,2327
3604,2328
3605,2329
3606,2330
3607,2331
3608,2332
3609,2333
3610,2334
3611,2335
3612,2336
3613,2337
3614,2338
3615,2339
3616,2340
3617,2341
3618,2342
3619,2343
3620,2344
3621,2345
3622,2346
3623,2347
3624,2348
3625,2349
3626,2350
3627,2351
3628,2352
3629,2353
3630,2354
3631,2355
3632,2356
3633,2357
3634,2358
3635,2359
3636,2360
3637,2361
3638,2362
3639,2363
3640,2364
3641,2365
3642,2366
3643,2367
3644,2368
3645,2369
3646,2370
3647,2371
3648,2372
3649,2373
3650,2374
3651,2375
3652,2376
3653,2377
3654,2378
3655,2379
3656,2380
3657,2381
3658,2382
3659,2383
3660,2384
3661,2385
3662,2386
3663,2387
3664,2388
3665,2389
3666,2390
3667,2391
3668,2392
3669,2393
3670,2394
3671,2395
3672,2396
3673,2397
3674,2398
3675,2399
3676,2400
3677,2401
3678,2402
3679,2403
3680,2404
3681,2405
3682,2406
3683,2407
3684,2408
3685,2409
3686,2410
3687,2411
3688,2412
3689,2413
3690,2414
3691,2415
3692,2416
3693,2417
3694,2418
3695,2419
3696,2420
3697,2421
3698,2422
3699,2423
3700,2424
3701,2425
3702,2426
3703,2427
3704,2428
3705,2429
3706,2430
3707,2431
3708,2432
3709,2433
3710,2434
3711,2435
3712,2436
3713,2437
3714,2438
3715,2439
3716,2440
3717,2441
3718,2442
3719,2443
3720,2444
3721,2445
3722,2446
3723,2447
3724,2448
3725,2449
3726,2450
3727,2451
3728,2452
3729,2453
3730,2454
3731,2455
3732,2456
3733,2457
3734,2458
3735,2459
3736,2460
3737,2461
3738,2462
3739,2463
3740,2464
3741,2465
3742,2466
3743,2467
3744,2468
3745,2469
3746,2470
3747,2471
3748,2472
3749,2473
3750,2474
3751,2475
3752,2476
3753,2477
3754,2478
3755,2479
3756,2480
3757,2481
3758,2482
3759,2483
3760,2484
3761,2485
3762,2486
3763,2487
3764,2488
3765,2489
3766,2490
3767,2491
3768,2492
3769,2493
3770,2494
3771,2495
3772,2496
3773,2497
3774,2498
3775,2499
3776,2500
3777,2501
3778,2502
3779,2503
3780,2504
3781,2505
3782,2506
3783,2507
3784,2508
3785,2509
3786,2510
3787,2511
3788,2512
3789,2513
3790,2514
3791,2515
3792,2516
3793,2517
3794,2518
3795,2519
3796,2520
3797,2521
3798,2522
3799,2523
3800,2524
3801,2525
3802,2526
3803,2527
3804,2528
3805,2529
3806,2530
3807,2531
3808,2532
3809,2533
3810,2534
3811,2535
3812,2536
3813,2537
3814,2538
3815,2539
3816,2540
3817,2541
3818,2542
3819,2543
3820,2544
3821,2545
3822,2546
3823,2547
3824,2548
3825,2549
3826,2550
3827,2551
3828,2552
3829,2553
3830,2554
3831,2555
3832,2556
3833,2557
3834,2558
3835,2559
3836,2560
3837,2561
3838,2562
3839,2563
3840,2564
3841,2565
3842,2566
3843,2567
3844,2568
3845,2569
3846,2570
3847,2571
3848,2572
3849,2573
3850,2574
3851,2575
3852,2576
3853,2577
3854,2578
3855,2579
3856,2580
3857,2581
3858,2582
3859,2583
3860,2584
3861,2585
3862,2586
3863,2587
3864,2588
3865,2589
3866,2590
3867,2591
3868,2592
3869,2593
3870,2594
3871,2595
3872,2596
3873,2597
3874,2598
3875,2599
3876,2600
3877,2601
3878,2602
3879,2603
3880,2604
3881,2605
3882,2606
3883,2607
3884,2608
3885,2609
3886,2610
3887,2611
3888,2612
3889,2613
3890,2614
3891,2615
3892,2616
3893,2617
3894,2618
3895,2619
3896,2620
3897,2621
3898,2622
3899,2623
3900,2624
3901,2625
3902,2626
3903,2627
3904,2628
3905,2629
3906,2630
3907,2631
3908,2632
3909,2633
3910,2634
3911,2635
3912,2636
3913,2637
3914,2638
3915,2639
3916,2640
3917,2641
3918,2642
3919,2643
3920,2644
3921,2645
3922,2646
3923,2647
3924,2648
3925,2649
3926,2650
3927,2651
3928,2652
3929,2653
3930,2654
3931,2655
3932,2656
3933,2657
3934,2658
3935,2659
3936,2660
3937,2661
3938,2662
3939,2663
3940,2664
3941,2665
3942,2666
3943,2667
3944,2668
3945,2669
3946,2670
3947,2671
3948,2672
3949,2673
3950,2674
3951,2675
3952,2676
3953,2677
3954,2678
3955,2679
3956,2680
3957,2681
3958,2682
3959,2683
3960,2684
3961,2685
3962,2686
3963,2687
3964,2688
3965,2689
3966,2690
3967,2691
3968,2692
3969,2693
3970,2694
3971,2695
3972,2696
3973,2697
3974,2698
3975,2699
3976,2700
3977,2701
3978,2702
3979,2703
3980,2704
3981,2705
3982,2706
3983,2707
3984,2708
3985,2709
3986,2710
3987,2711
3988,2712
3989,2713
3990,2714
3991,2715
3992,2716
3993,2717
3994,2718
3995,2719
3996,2720
3997,2721
3998,2722
3999,2723
4000,2724
4001,2725
4002,2726
4003,2727
4004,2728
4005,2729
4006,2730
4007,2731
4008,2732
4009,2733
4010,2734
4011,2735
4012,2736
4013,2737
4014,2738
4015,2739
4016,2740
4017,2741
4018,2742
4019,2743
4020,2744
4021,2745
4022,2746
4023,2747
4024,2748
4025,2749
4026,2750
4027,2751
4028,2752
4029,2753
4030,2754
4031,2755
4032,2756
4033,2757
4034,2758
4035,2759
4036,2760
4037,2761
4038,2762
4039,2763
4040,2764
4041,2765
4042,2766
4043,2767
4044,2768
4045,2769
4046,2770
4047,2771
4048,2772
4049,2773
4050,2774
4051,2775
4052,2776
4053,2777
4054,2778
4055,2779
4056,2780
4057,2781
4058,2782
4059,2783
4060,2784
4061,2785
4062,2786
4063,2787
4064,2788
4065,2789
4066,2790
4067,2790
4068,2790
4069,2790
4070,2790
4071,2790
4072,2790
4073,2790
4074,2790
4075,2790
4076,2790
4077,2790
4078,2790
4079,2790
4080,2790
4081,2790
4082,2790
4083,2790
4084,2790
4085,2790
4086,2790
4087,2790
4088,2790
4089,2790
4090,2790
4091,2790
4092,2790
4093,2790
4094,2790
4095,2790
4096,2790
4097,2790
4098,2790
4099,2790
4100,2790
4101,2790
4102,2790
4103,2790
4104,2790
4105,2790
4106,2790
4107,2790
4108,2790
4109,2790
4110,2790
4111,2790
4112,2790
4113,2790
4114,2790
4115,2790
4116,2790
4117,2790
4118,2790
4119,2790
4120,2790
4121,2790
4122,2790
4123,2790
4124,2790
4125,2790
4126,2790
4127,2790
4128,2790
4129,2790
4130,2790
4131,2790
4132,2790
4133,2790
4134,2791
4135,2792
4136,2793
4137,2794
4138,2795
4139,2796
4140,2797
4141,2798
4142,2799
4143,2800
4144,2801
4145,2802
4146,2803
4147,2804
4148,2805
4149,2806
4150,2807
4151,2808
4152,2809
4153,2810
4154,2811
4155,2812
4156,2813
4157,2814
4158,2815
4159,2816
4160,2817
4161,2818
4162,2819
4163,2820
4164,2821
4165,2822
4166,2823
4167,2824
4168,2825
4169,2826
4170,2827
4171,2828
4172,2829
4173,2830
4174,2831
4175,2832
4176,2833
4177,2834
4178,2835
4179,2836
4180,2837
4181,2838
4182,2839
4183,2840
4184,2841
4185,2842
4186,2843
4187,2844
4188,2845
4189,2846
4190,2847
4191,2848
4192,2849
4193,2850
4194,2851
4195,2852
4196,2853
4197,2854
4198,2855
4199,2856
4200,2857
4201,2858
4202,2859
4203,2860
4204,2861
4205,2862
4206,2863
4207,2864
4208,2865
4209,2866
4210,2867
4211,2868
4212,2869
4213,2870
4214,2871
4215,2872
4216,2873
4217,2874
4218,2875
4219,2876
4220,2877
4221,2878
4222,2879
4223,2880
4224,2881
4225,2882
4226,2883
4227,2884
4228,2885
4229,2886
4230,2887
4231,2888
4232,2889
4233,2890
4234,2891
4235,2892
4236,2893
4237,2894
4238,2895
4239,2896
4240,2897
4241,2898
4242,2899
4243,2900
4244,2901
4245,2902
4246,2903
4247,2904
4248,2905
4249,2906
4250,2907
4251,2908
4252,2909
4253,2910
4254,2911
4255,2912
4256,2913
4257,2914
4258,2915
4259,2916
4260,2917
4261,2918
4262,2919
4263,2920
4264,2921
4265,2922
4266,2923
4267,2924
4268,2925
4269,2926
4270,2927
4271,2928
4272,2929
4273,2930
4274,2931
4275,2932
4276,2933
4277,2934
4278,2935
4279,2936
4280,2937
4281,2938
4282,2939
4283,2940
4284,2941
4285,2942
4286,2943
4287,2944
4288,2945
4289,2946
4290,2947
4291,2948
4292,2949
4293,2950
4294,2951
4295,2952
4296,2953
4297,2954
4298,2955
4299,2956
4300,2957
4301,2958
4302,2959
4303,2960
4304,2961
4305,2962
4306,2963
4307,2964
4308,2965
4309,2966
4310,2967
4311,2968
4312,2969
4313,2970
4314,2971
4315,2972
4316,2973
4317,2974
4318,2975
4319,2976
4320,2977
4321,2978
4322,2979
4323,2980
4324,2981
4325,2982
4326,2983
4327,2984
4328,2985
4329,2986
4330,2987
4331,2988
4332,2989
4333,2990
4334,2991
4335,2992
4336,2993
4337,2994
4338,2995
4339,2996
4340,2997
4341,2998
4342,2999
4343,3000
4344,3001
4345,3002
4346,3003
4347,3004
4348,3005
4349,3006
4350,3007
4351,3008
4352,3009
4353,3010
4354,3011
4355,3012
4356,3013
4357,3014
4358,3015
4359,3016
4360,3017
4361,3018
4362,3019
4363,3020
4364,3021
4365,3022
4366,3023
4367,3024
4368,3025
4369,3026
4370,3027
4371,3028
4372,3029
4373,3030
4374,3031
4375,3032
4376,3033
4377,3034
4378,3035
4379,3036
4380,3037
4381,3038
4382,3039
4383,3040
4384,3041
4385,3042
4386,3043
4387,3044
4388,3045
4389,3046
4390,3047
4391,3048
4392,3049
4393,3050
4394,3051
4395,3052
4396,3053
4397,3054
4398,3055
4399,3056
4400,3057
4401,3058
4402,3059
4403,3060
4404,3061
4405,3062
4406,3063
4407,3064
4408,3065
4409,3066
4410,3067
4411,3068
4412,3069
4413,3070
4414,3071
4415,3072
4416,3073
4417,3074
4418,3075
4419,3076
4420,3077
4421,3078
4422,3079
4423,3080
4424,3081
4425,3082
4426,3083
4427,3084
4428,3085
4429,3086
4430,3087
4431,3088
4432,3089
4433,3090
4434,3091
4435,3092
4436,3093
4437,3094
4438,3095
4439,3096
4440,3097
4441,3098
4442,3099
4443,3100
4444,3101
4445,3102
4446,3103
4447,3104
4448,3105
4449,3106
4450,3107
4451,3108
4452,3109
4453,3110
4454,3111
4455,3112
4456,3113
4457,3114
4458,3115
4459,3116
4460,3117
4461,3118
4462,3119
4463,3120
4464,3121
4465,3122
4466,3123
4467,3124
4468,3125
4469,3126
4470,3127
4471,3128
4472,3129
4473,3130
4474,3131
4475,3132
4476,3133
4477,3134
4478,3135
4479,3136
4480,3137
4481,3138
4482,3139
4483,3140
4484,3141
4485,3142
4486,3143
4487,3144
4488,3145
4489,3146
4490,3147
4491,3148
4492,3149
4493,3150
4494,3151
4495,3152
4496,3153
4497,3154
4498,3155
4499,3156
4500,3157
4501,3158
4502,3159
4503,3160
4504,3161
4505,3162
4506,3163
4507,3164
4508,3165
4509,3166
4510,3167
4511,3168
4512,3169
4513,3170
4514,3171
4515,3172
4516,3173
4517,3174
4518,3175
4519,3176
4520,3177
4521,3178
4522,3179
4523,3180
4524,3181
4525,3182
4526,3183
4527,3184
4528,3185
4529,3186
4530,3187
4531,3188
4532,3189
4533,3190
4534,3191
4535,3192
4536,3192
4537,3192
4538,3192
4539,3192
4540,3192
4541,3192
4542,3192
4543,3192
4544,3192
4545,3192
4546,3192
4547,3192
4548,3192
4549,3192
4550,3192
4551,3192
4552,3192
4553,3192
4554,3192
4555,3192
4556,3192
4557,3192
4558,3192
4559,3192
4560,3192
4561,3192
4562,3193
4563,3194
4564,3195
4565,3196
4566,3197
4567,3198
4568,3199
4569,3200
4570,3201
4571,3202
4572,3203
4573,3204
4574,3205
4575,3206
4576,3207
4577,3208
4578,3209
4579,3210
4580,3211
4581,3212
4582,3213
4583,3214
4584,3215
4585,3216
4586,3217
4587,3218
4588,3219
4589,3220
4590,3221
4591,3222
4592,3223
4593,3224
4594,3225
4595,3226
4596,3227
4597,3228
4598,3229
4599,3230
4600,3231
4601,3232
4602,3233
4603,3234
4604,3235
4605,3236
4606,3237
4607,3238
4608,3239
4609,3240
4610,3241
4611,3242
4612,3243
4613,3244
4614,3245
4615,3246
4616,3247
4617,3248
4618,3249
4619,3250
4620,3251
4621,3252
4622,3253
4623,3254
4624,3255
4625,3256
4626,3257
4627,3258
4628,3259
4629,3260
4630,3261
4631,3262
4632,3263
4633,3264
4634,3265
4635,3266
4636,3267
4637,3268
4638,3269
4639,3270
4640,3271
4641,3272
4642,3273
4643,3274
4644,3275
4645,3276
4646,3277
4647,3278
4648,3279
4649,3280
4650,3281
4651,3282
4652,3283
4653,3284
4654,3285
4655,3286
4656,3287
4657,3288
4658,3289
4659,3290
4660,3291
4661,3292
4662,3293
4663,3294
4664,3295
4665,3296
4666,3297
4667,3298
4668,3299
4669,3300
4670,3301
4671,3302
4672,3303
4673,3304
4674,3305
4675,3306
4676,3307
4677,3308
4678,3309
4679,3310
4680,3311
4681,3312
4682,3313
4683,3314
4684,3315
4685,3316
4686,3317
4687,3318
4688,3319
4689,3320
4690,3321
4691,3322
4692,3323
4693,3324
4694,3325
4695,3326
4696,3327
4697,3328
4698,3329
4699,3330
4700,3331
4701,3332
4702,3333
4703,3334
4704,3335
4705,3336
4706,3337
4707,3338
4708,3339
4709,3340
4710,3341
4711,3342
4712,3343
4713,3344
4714,3345
4715,3346
4716,3347
4717,3348
4718,3349
4719,3350
4720,3351
4721,3352
4722,3353
4723,3354
4724,3355
4725,3356
4726,3357
4727,3358
4728,3359
4729,3360
4730,3361
4731,3362
4732,3363
4733,3364
4734,3365
4735,3366
4736,3367
4737,3368
4738,3369
4739,3370
4740,3371
4741,3372
4742,3373
4743,3374
4744,3375
4745,3376
4746,3377
4747,3378
4748,3379
4749,3380
4750,3381
4751,3382
4752,3383
4753,3384
4754,3385
4755,3386
4756,3387
4757,3388
4758,3389
4759,3390
4760,3391
4761,3392
4762,3393
4763,3394
4764,3395
4765,3396
4766,3397
4767,3398
4768,3399
4769,3400
4770,3401
4771,3402
4772,3403
4773,3404
4774,3405
4775,3406
4776,3407
4777,3408
4778,3409
4779,3410
4780,3411
4781,3412
4782,3413
4783,3414
4784,3415
4785,3416
4786,3417
4787,3418
4788,3419
4789,3420
4790,3421
4791,3422
4792,3423
4793,3424
4794,3425
4795,3426
4796,3427
4797,3428
4798,3429
4799,3430
4800,3431
4801,3432
4802,3433
4803,3434
4804,3435
4805,3436
4806,3437
4807,3438
4808,3439
4809,3440
4810,3441
4811,3442
4812,3443
4813,3444
4814,3445
4815,3446
4816,3447
4817,3448
4818,3449
4819,3450
4820,3451
4821,3452
4822,3453
4823,3454
4824,3455
4825,3456
4826,3457
4827,3458
4828,3459
4829,3460
4830,3461
4831,3462
4832,3463
4833,3464
4834,3465
4835,3466
4836,3467
4837,3468
4838,3469
4839,3470
4840,3471
4841,3472
4842,3473
4843,3474
4844,3475
4845,3476
4846,3477
4847,3478
4848,3479
4849,3480
4850,3481
4851,3482
4852,3483
4853,3484
4854,3485
4855,3486
4856,3487
4857,3488
4858,3489
4859,3490
4860,3491
4861,3492
4862,3493
4863,3494
4864,3495
4865,3496
4866,3497
4867,3498
4868,3499
4869,3500
4870,3501
4871,3502
4872,3503
4873,3504
4874,3505
4875,3506
4876,3507
4877,3508
4878,3509
4879,3510
4880,3511
4881,3512
4882,3513
4883,3514
4884,3515
4885,3516
4886,3517
4887,3518
4888,3519
4889,3520
4890,3521
4891,3522
4892,3523
4893,3524
4894,3525
4895,3526
4896,3527
4897,3528
4898,3529
4899,3530
4900,3531
4901,3532
4902,3533
4903,3534
4904,3535
4905,3536
4906,3537
4907,3538
4908,3539
4909,3540
4910,3541
4911,3542
4912,3543
4913,3544
4914,3545
4915,3546
4916,3547
4917,3548
4918,3549
4919,3550
4920,3551
4921,3552
4922,3553
4923,3554
4924,3555
4925,3556
4926,3557
4927,3558
4928,3559
4929,3560
4930,3561
4931,3562
4932,3563
4933,3564
4934,3565
4935,3566
4936,3567
4937,3568
4938,3569
4939,3570
4940,3571
4941,3572
4942,3573
4943,3574
4944,3575
4945,3576
4946,3577
4947,3578
4948,3579
4949,3580
4950,3581
4951,3582
4952,3583
4953,3584
4954,3585
4955,3586
4956,3587
4957,3588
4958,3589
4959,3590
4960,3591
4961,3592
4962,3593
4963,3594
4964,3595
4965,3596
4966,3597
4967,3598
4968,3599
4969,3600
4970,3601
4971,3602
4972,3603
4973,3604
4974,3605
4975,3606
4976,3607
4977,3608
4978,3609
4979,3610
4980,3611
4981,3612
4982,3613
4983,3614
4984,3615
4985,3616
4986,3617
4987,3618
4988,3619
4989,3620
4990,3621
4991,3622
4992,3623
4993,3624
4994,3625
4995,3626
4996,3627
4997,3628
4998,3629
4999,3630
5000,3631
5001,3632
5002,3633
5003,3634
5004,3635
5005,3636
5006,3637
5007,3638
5008,3639
5009,3640
5010,3641
5011,3642
5012,3643
5013,3644
5014,3645
5015,3646
5016,3647
5017,3648
5018,3649
5019,3650
5020,3651
5021,3652
5022,3653
5023,3654
5024,3655
5025,3656
5026,3657
5027,3658
5028,3659
5029,3660
5030,3661
5031,3662
5032,3663
5033,3664
5034,3665
5035,3666
5036,3667
5037,3668
5038,3669
5039,3670
5040,3671
5041,3672
5042,3673
5043,3674
5044,3675
5045,3676
5046,3677
5047,3678
5048,3679
5049,3680
5050,3681
5051,3682
5052,3683
5053,3684
5054,3685
5055,3686
5056,3687
5057,3688
5058,3689
5059,3690
5060,3691
5061,3692
5062,3693
5063,3694
5064,3695
5065,3696
5066,3697
5067,3698
5068,3699
5069,3700
5070,3701
5071,3702
5072,3703
5073,3704
5074,3705
5075,3706
5076,3707
5077,3708
5078,3709
5079,3710
5080,3711
5081,3712
5082,3713
5083,3714
5084,3715
5085,3716
5086,3717
5087,3718
5088,3719
5089,3720
5090,3721
5091,3722
5092,3723
5093,3724
5094,3725
5095,3726
5096,3727
5097,3728
5098,3729
5099,3730
5100,3731
5101,3732
5102,3733
5103,3734
5104,3735
5105,3736
5106,3737
5107,3738
5108,3739
5109,3740
5110,3741
5111,3742
5112,3743
5113,3744
5114,3745
5115,3746
5116,3747
5117,3748
5118,3749
5119,3750
5120,3751
5121,3752
5122,3753
5123,3754
5124,3755
5125,3756
5126,3757
5127,3758
5128,3759
5129,3760
5130,3761
5131,3762
5132,3763
5133,3764
5134,3765
5135,3766
5136,3767
5137,3768
5138,3769
5139,3770
5140,3771
5141,3772
5142,3773
5143,3774
5144,3775
5145,3776
5146,3777
5147,3778
5148,3779
5149,3780
5150,3781
5151,3782
5152,3782
5153,3782
5154,3782
5155,3782
5156,3782
5157,3782
5158,3782
5159,3782
5160,3782
5161,3782
5162,3782
5163,3782
5164,3782
5165,3782
5166,3782
5167,3782
5168,3782
5169,3782
5170,3782
5171,3782
5172,3782
5173,3782
5174,3782
5175,3782
5176,3782
5177,3782
5178,3782
5179,3782
5180,3782
5181,3782
5182,3782
5183,3782
5184,3782
5185,3782
5186,3782
5187,3782
5188,3782
5189,3782
5190,3782
5191,3782
5192,3782
5193,3782
5194,3782
5195,3782
5196,3782
5197,3782
5198,3782
5199,3782
5200,3782
5201,3782
5202,3782
5203,3782
5204,3782
5205,3782
5206,3782
5207,3782
5208,3782
5209,3782
5210,3782
5211,3782
5212,3782
5213,3782
5214,3782
5215,3782
5216,3782
5217,3782
5218,3782
5219,3782
5220,3782
5221,3782
5222,3782
5223,3782
5224,3782
5225,3782
5226,3782
5227,3782
5228,3782
5229,3782
5230,3782
5231,3782
5232,3782
5233,3782
5234,3783
5235,3784
5236,3785
5237,3786
5238,3787
5239,3788
5240,3789
5241,3790
5242,3791
5243,3792
5244,3793
5245,3794
5246,3795
5247,3796
5248,3797
5249,3798
5250,3799
5251,3800
5252,3801
5253,3802
5254,3803
5255,3804
5256,3805
5257,3806
5258,3807
5259,3808
5260,3809
5261,3810
5262,3811
5263,3812
5264,3813
5265,3814
5266,3815
5267,3816
5268,3817
5269,3818
5270,3819
5271,3820
5272,3821
5273,3822
5274,3823
5275,3824
5276,3825
5277,3826
5278,3827
5279,3828
5280,3829
5281,3830
5282,3831
5283,3832
5284,3833
5285,3834
5286,3835
5287,3836
5288,3837
5289,3838
5290,3839
5291,3840
5292,3841
5293,3842
5294,3843
5295,3844
5296,3845
5297,3846
5298,3847
5299,3848
5300,3849
5301,3850
5302,3851
5303,3852
5304,3853
5305,3854
5306,3855
5307,3856
5308,3857
5309,3858
5310,3859
5311,3860
5312,3861
5313,3862
5314,3863
5315,3864
5316,3865
5317,3866
5318,3867
5319,3868
5320,3869
5321,3870
5322,3871
5323,3872
5324,3873
5325,3874
5326,3875
5327,3876
5328,3877
5329,3878
5330,3879
5331,3880
5332,3881
5333,3882
5334,3883
5335,3884
5336,3885
5337,3886
5338,3887
5339,3888
5340,3889
5341,3890
5342,3891
5343,3892
5344,3893
5345,3894
5346,3895
5347,3896
5348,3897
5349,3898
5350,3899
5351,3900
5352,3901
5353,3902
5354,3903
5355,3904
5356,3905
5357,3906
5358,3907
5359,3908
5360,3909
5361,3910
5362,3911
5363,3912
5364,3913
5365,3914
5366,3915
5367,3916
5368,3917
5369,3918
5370,3919
5371,3920
5372,3921
5373,3922
5374,3923
5375,3924
5376,3925
5377,3926
5378,3927
5379,3928
5380,3929
5381,3930
5382,3931
5383,3932
5384,3933
5385,3934
5386,3935
5387,3936
5388,3937
5389,3938
5390,3939
5391,3940
5392,3941
5393,3942
5394,3943
5395,3944
5396,3945
5397,3946
5398,3947
5399,3948
5400,3949
5401,3950
5402,3951
5403,3952
5404,3953
5405,3954
5406,3955
5407,3956
5408,3957
5409,3958
5410,3959
5411,3960
5412,3961
5413,3962
5414,3963
5415,3964
5416,3965
5417,3966
5418,3967
5419,3968
5420,3969
5421,3970
5422,3971
5423,3972
5424,3973
5425,3974
5426,3975
5427,3976
5428,3977
5429,3978
5430,3979
5431,3980
5432,3981
5433,3982
5434,3983
5435,3984
5436,3985
5437,3986
5438,3987
5439,3988
5440,3989
5441,3990
5442,3991
5443,3992
5444,3993
5445,3994
5446,3995
5447,3996
5448,3997
5449,3998
5450,3999
5451,4000
5452,4001
5453,4002
5454,4003
5455,4004
5456,4005
5457,4006
5458,4007
5459,4008
5460,4009
5461,4010
5462,4011
5463,4012
5464,4013
5465,4014
5466,4015
5467,4016
5468,4017
5469,4018
5470,4019
5471,4020
5472,4021
5473,4022
5474,4023
5475,4024
5476,4025
5477,4026
5478,4027
5479,4028
5480,4029
5481,4030
5482,4031
5483,4032
5484,4033
5485,4034
5486,4035
5487,4036
5488,4037
5489,4038
5490,4039
5491,4040
5492,4041
5493,4042
5494,4043
5495,4044
5496,4045
5497,4046
5498,4047
5499,4048
5500,4049
5501,4050
5502,4051
5503,4052
5504,4053
5505,4054
5506,4055
5507,4056
5508,4057
5509,4058
5510,4059
5511,4060
5512,4061
5513,4062
5514,4063
5515,4064
5516,4065
5517,4066
5518,4067
5519,4068
5520,4069
5521,4070
5522,4071
5523,4072
5524,4073
5525,4074
5526,4075
5527,4076
5528,4077
5529,4078
5530,4079
5531,4080
5532,4081
5533,4082
5534,4083
5535,4084
5536,4085
5537,4086
5538,4087
5539,4088
5540,4089
5541,4090
5542,4091
5543,4092
5544,4093
5545,4094
5546,4095
5547,4096
5548,4097
5549,4098
5550,4099
5551,4100
5552,4101
5553,4102
5554,4103
5555,4103
5556,4103
5557,4103
5558,4103
5559,4103
5560,4103
5561,4103
5562,4103
5563,4103
5564,4103
5565,4103
5566,4103
5567,4103
5568,4103
5569,4103
5570,4103
5571,4103
5572,4103
5573,4103
5574,4103
5575,4103
5576,4103
5577,4103
5578,4103
5579,4103
5580,4103
5581,4103
5582,4103
5583,4103
5584,4103
5585,4103
5586,4103
5587,4103
5588,4103
5589,4103
5590,4103
5591,4103
5592,4103
5593,4103
5594,4103
5595,4103
5596,4103
5597,4103
5598,4103
5599,4103
5600,4103
5601,4103
5602,4103
5603,4103
5604,4103
5605,4103
5606,4103
5607,4103
5608,4103
5609,4103
5610,4103
5611,4103
5612,4103
5613,4103
5614,4103
5615,4103
5616,4103
5617,4103
5618,4103
5619,4103
5620,4103
5621,4103
5622,4103
5623,4103
5624,4103
5625,4103
5626,4103
5627,4103
5628,4103
5629,4103
5630,4103
5631,4103
5632,4103
5633,4103
5634,4103
5635,4103
5636,4103
5637,4103
5638,4103
5639,4103
5640,4103
5641,4103
5642,4103
5643,4104
5644,4105
5645,4106
5646,4107
5647,4108
5648,4109
5649,4110
5650,4111
5651,4112
5652,4113
5653,4114
5654,4115
5655,4116
5656,4117
5657,4118
5658,4119
5659,4120
5660,4121
5661,4122
5662,4123
5663,4124
5664,4125
5665,4126
5666,4127
5667,4128
5668,4129
5669,4130
5670,4131
5671,4132
5672,4133
5673,4134
5674,4135
5675,4136
5676,4137
5677,4138
5678,4139
5679,4140
5680,4141
5681,4142
5682,4143
5683,4144
5684,4145
5685,4146
5686,4147
5687,4148
5688,4149
5689,4150
5690,4151
5691,4152
5692,4153
5693,4154
5694,4155
5695,4156
5696,4157
5697,4158
5698,4159
5699,4160
5700,4161
5701,4162
5702,4163
5703,4164
5704,4165
5705,4166
5706,4167
5707,4168
5708,4169
5709,4170
5710,4171
5711,4172
5712,4173
5713,4174
5714,4175
5715,4176
5716,4177
5717,4178
5718,4179
5719,4180
5720,4181
5721,4182
5722,4183
5723,4184
5724,4185
5725,4186
5726,4187
5727,4188
5728,4189
5729,4190
5730,4191
5731,4192
5732,4193
5733,4194
5734,4195
5735,4196
5736,4197
5737,4198
5738,4199
5739,4200
5740,4201
5741,4202
5742,4203
5743,4204
5744,4205
5745,4206
5746,4207
5747,4208
5748,4209
5749,4210
5750,4211
5751,4212
5752,4213
5753,4214
5754,4215
5755,4216
5756,4217
5757,4218
5758,4219
5759,4220
5760,4221
5761,4222
5762,4223
5763,4224
5764,4225
5765,4226
5766,4227
5767,4228
5768,4229
5769,4230
5770,4230
5771,4230
5772,4230
5773,4230
5774,4230
5775,4230
5776,4230
5777,4230
5778,4230
5779,4230
5780,4230
5781,4230
5782,4230
5783,4230
5784,4230
5785,4230
5786,4230
5787,4230
5788,4230
5789,4230
5790,4230
5791,4230
5792,4230
5793,4230
5794,4230
5795,4230
5796,4230
5797,4230
5798,4230
5799,4230
5800,4230
5801,4230
5802,4230
5803,4230
5804,4230
5805,4230
5806,4230
5807,4230
5808,4230
5809,4230
5810,4230
5811,4230
5812,4230
5813,4230
5814,4230
5815,4230
5816,4230
5817,4230
5818,4230
5819,4230
5820,4230
5821,4230
5822,4230
5823,4230
5824,4230
5825,4230
5826,4230
5827,4230
5828,4230
5829,4230
5830,4230
5831,4230
5832,4230
5833,4230
5834,4230
5835,4231
5836,4232
5837,4233
5838,4234
5839,4235
5840,4236
5841,4237
5842,4238
5843,4239
5844,4240
5845,4241
5846,4242
5847,4243
5848,4244
5849,4245
5850,4246
5851,4247
5852,4248
5853,4249
5854,4250
5855,4251
5856,4252
5857,4253
5858,4254
5859,4255
5860,4256
5861,4257
5862,4258
5863,4259
5864,4260
5865,4261
5866,4262
5867,4263
5868,4264
5869,4265
5870,4266
5871,4267
5872,4268
5873,4269
5874,4270
5875,4271
5876,4272
5877,4273
5878,4274
5879,4275
5880,4276
5881,4277
5882,4278
5883,4279
5884,4280
5885,4281
5886,4282
5887,4283
5888,4284
5889,4285
5890,4286
5891,4287
5892,4288
5893,4289
5894,4290
5895,4291
5896,4291
5897,4291
5898,4291
5899,4291
5900,4291
5901,4291
5902,4291
5903,4291
5904,4291
5905,4291
5906,4291
5907,4291
5908,4291
5909,4291
5910,4291
5911,4291
5912,4291
5913,4291
5914,4291
5915,4291
5916,4291
5917,4291
5918,4291
5919,4291
5920,4291
5921,4291
5922,4291
5923,4291
5924,4291
5925,4291
5926,4291
5927,4291
5928,4291
5929,4291
5930,4292
5931,4293
5932,4294
5933,4295
5934,4296
5935,4297
5936,4298
5937,4299
5938,4300
5939,4301
5940,4302
5941,4303
5942,4304
5943,4305
5944,4306
5945,4307
5946,4308
5947,4309
5948,4310
5949,4311
5950,4312
5951,4313
5952,4314
5953,4315
5954,4316
5955,4317
5956,4318
5957,4319
5958,4320
5959,4321
5960,4322
5961,4323
5962,4324
5963,4325
5964,4326
5965,4327
5966,4328
5967,4329
5968,4330
5969,4331
5970,4332
5971,4333
5972,4334
5973,4335
5974,4336
5975,4337
5976,4337
5977,4337
5978,4337
5979,4337
5980,4337
5981,4337
5982,4337
5983,4337
5984,4337
5985,4337
5986,4337
5987,4337
5988,4337
5989,4337
5990,4337
5991,4337
5992,4337
5993,4337
5994,4337
5995,4337
5996,4337
5997,4337
5998,4337
5999,4337
6000,4337
6001,4337
6002,4337
6003,4337
6004,4337
6005,4337
6006,4337
6007,4337
6008,4337
6009,4337
6010,4337
6011,4337
6012,4337
6013,4337
6014,4337
6015,4337
6016,4337
6017,4337
6018,4337
6019,4337
6020,4337
6021,4337
6022,4337
6023,4337
6024,4337
6025,4337
6026,4337
6027,4337
6028,4337
6029,4337
6030,4337
6031,4337
6032,4337
6033,4337
6034,4337
6035,4337
6036,4337
6037,4337
6038,4337
6039,4337
6040,4337
6041,4337
6042,4337
6043,4337
6044,4337
6045,4337
6046,4337
6047,4337
6048,4337
6049,4337
6050,4337
6051,4337
6052,4337
6053,4337
6054,4337
6055,4337
6056,4338
6057,4339
6058,4340
6059,4341
6060,4342
6061,4343
6062,4344
6063,4345
6064,4346
6065,4347
6066,4348
6067,4349
6068,4350
6069,4351
6070,4352
6071,4353
6072,4354
6073,4355
6074,4356
6075,4357
6076,4358
6077,4359
6078,4360
6079,4361
6080,4362
6081,4363
6082,4364
6083,4365
6084,4366
6085,4367
6086,4368
6087,4369
6088,4370
6089,4371
6090,4372
6091,4373
6092,4374
6093,4375
6094,4376
6095,4377
6096,4378
6097,4379
6098,4380
6099,4381
6100,4382
6101,4383
6102,4384
6103,4385
6104,4386
6105,4387
6106,4388
6107,4389
6108,4390
6109,4391
6110,4392
6111,4393
6112,4394
6113,4395
6114,4396
6115,4397
6116,4398
6117,4399
6118,4400
6119,4401
6120,4402
6121,4403
6122,4404
6123,4405
6124,4406
6125,4407
6126,4408
6127,4409
6128,4410
6129,4411
6130,4412
6131,4413
6132,4414
6133,4415
6134,4416
6135,4417
6136,4418
6137,4419
6138,4420
6139,4421
6140,4422
6141,4423
6142,4424
6143,4425
6144,4426
6145,4427
6146,4428
6147,4429
6148,4430
6149,4431
6150,4432
6151,4433
6152,4434
6153,4435
6154,4436
6155,4437
6156,4438
6157,4439
6158,4440
6159,4441
6160,4442
6161,4443
6162,4444
6163,4445
6164,4446
6165,4447
6166,4448
6167,4449
6168,4450
6169,4451
6170,4452
6171,4453
6172,4454
6173,4455
6174,4456
6175,4457
6176,4458
6177,4459
6178,4460
6179,4461
6180,4462
6181,4463
6182,4464
6183,4465
6184,4466
6185,4467
6186,4468
6187,4469
6188,4470
6189,4471
6190,4472
6191,4473
6192,4474
6193,4475
6194,4476
6195,4477
6196,4478
6197,4479
6198,4480
6199,4481
6200,4482
6201,4483
6202,4484
6203,4485
6204,4486
6205,4487
6206,4488
6207,4489
6208,4490
6209,4491
6210,4492
6211,4493
6212,4494
6213,4495
6214,4496
6215,4497
6216,4498
6217,4499
6218,4500
6219,4501
6220,4502
6221,4503
6222,4504
6223,4505
6224,4506
6225,4507
6226,4508
6227,4509
6228,4510
6229,4511
6230,4512
6231,4513
6232,4514
6233,4515
6234,4516
6235,4517
6236,4518
6237,4519
6238,4520
6239,4521
6240,4522
6241,4523
6242,4524
6243,4525
6244,4526
6245,4527
6246,4528
6247,4529
6248,4530
6249,4531
6250,4532
6251,4533
6252,4534
6253,4535
6254,4536
6255,4537
6256,4538
6257,4539
6258,4540
6259,4541
6260,4542
6261,4543
6262,4544
6263,4545
6264,4546
6265,4547
6266,4548
6267,4549
6268,4550
6269,4551
6270,4552
6271,4553
6272,4554
6273,4555
6274,4556
6275,4557
6276,4558
6277,4559
6278,4560
6279,4561
6280,4562
6281,4563
6282,4564
6283,4565
6284,4566
6285,4567
6286,4568
6287,4569
6288,4570
6289,4571
6290,4572
6291,4573
6292,4574
6293,4575
6294,4576
6295,4577
6296,4578
6297,4579
6298,4580
6299,4581
6300,4582
6301,4583
6302,4584
6303,4585
6304,4586
6305,4587
6306,4588
6307,4589
6308,4590
6309,4591
6310,4592
6311,4593
6312,4594
6313,4595
6314,4596
6315,4597
6316,4598
6317,4599
6318,4600
6319,4601
6320,4602
6321,4603
6322,4604
6323,4605
6324,4606
6325,4607
6326,4608
6327,4609
6328,4610
6329,4611
6330,4612
6331,4613
6332,4614
6333,4615
6334,4616
6335,4617
6336,4618
6337,4619
6338,4620
6339,4621
6340,4622
6341,4623
6342,4624
6343,4625
6344,4626
6345,4627
6346,4628
6347,4629
6348,4630
6349,4631
6350,4632
6351,4633
6352,4634
6353,4635
6354,4636
6355,4637
6356,4638
6357,4639
6358,4640
6359,4641
6360,4642
6361,4643
6362,4644
6363,4645
6364,4646
6365,4647
6366,4648
6367,4649
6368,4650
6369,4651
6370,4652
6371,4653
6372,4654
6373,4655
6374,4656
6375,4657
6376,4658
6377,4659
6378,4660
6379,4661
6380,4662
6381,4663
6382,4664
6383,4665
6384,4666
6385,4667
6386,4668
6387,4669
6388,4670
6389,4671
6390,4672
6391,4673
6392,4674
6393,4675
6394,4676
6395,4677
6396,4678
6397,4679
6398,4680
6399,4681
6400,4682
6401,4683
6402,4684
6403,4685
6404,4686
6405,4687
6406,4688
6407,4689
6408,4690
6409,4691
6410,4692
6411,4693
6412,4694
6413,4695
6414,4696
6415,4697
6416,4698
6417,4699
6418,4700
6419,4701
6420,4702
6421,4703
6422,4704
6423,4705
6424,4706
6425,4707
6426,4708
6427,4709
6428,4710
6429,4711
6430,4712
6431,4713
6432,4714
6433,4715
6434,4716
6435,4717
6436,4718
6437,4719
6438,4720
6439,4721
6440,4722
6441,4723
6442,4724
6443,4725
6444,4726
6445,4727
6446,4728
6447,4729
6448,4730
6449,4731
6450,4732
6451,4733
6452,4734
6453,4735
6454,4736
6455,4737
6456,4738
6457,4739
6458,4740
6459,4741
6460,4742
6461,4743
6462,4744
6463,4745
6464,4746
6465,4747
6466,4748
6467,4749
6468,4750
6469,4751
6470,4752
6471,4753
6472,4754
6473,4755
6474,4756
6475,4757
6476,4758
6477,4759
6478,4760
6479,4761
6480,4762
6481,4763
6482,4764
6483,4765
6484,4766
6485,4767
6486,4768
6487,4769
6488,4770
6489,4771
6490,4772
6491,4773
6492,4774
6493,4775
6494,4776
6495,4777
6496,4778
6497,4779
6498,4780
6499,4781
6500,4782
6501,4783
6502,4784
6503,4785
6504,4786
6505,4787
6506,4788
6507,4789
6508,4790
6509,4791
6510,4792
6511,4793
6512,4794
6513,4795
6514,4796
6515,4797
6516,4798
6517,4799
6518,4799
6519,4799
6520,4799
6521,4799
6522,4799
6523,4799
6524,4799
6525,4799
6526,4799
6527,4799
6528,4799
6529,4799
6530,4799
6531,4799
6532,4799
6533,4799
6534,4799
6535,4799
6536,4799
6537,4799
6538,4799
6539,4799
6540,4799
6541,4799
6542,4799
6543,4799
6544,4800
6545,4801
6546,4802
6547,4803
6548,4804
6549,4805
6550,4806
6551,4807
6552,4808
6553,4809
6554,4810
6555,4811
6556,4812
6557,4813
6558,4814
6559,4815
6560,4816
6561,4817
6562,4818
6563,4819
6564,4820
6565,4821
6566,4822
6567,4823
6568,4824
6569,4825
6570,4826
6571,4827
6572,4828
6573,4829
6574,4830
6575,4831
6576,4832
6577,4833
6578,4834
6579,4835
6580,4836
6581,4837
6582,4838
6583,4839
6584,4840
6585,4841
6586,4842
6587,4843
6588,4844
6589,4845
6590,4846
6591,4847
6592,4848
6593,4849
6594,4850
6595,4851
6596,4852
6597,4853
6598,4854
6599,4855
6600,4856
6601,4857
6602,4858
6603,4859
6604,4860
6605,4861
6606,4862
6607,4863
6608,4864
6609,4865
6610,4866
6611,4867
6612,4868
6613,4869
6614,4870
6615,4871
6616,4872
6617,4873
6618,4874
6619,4875
6620,4876
6621,4877
6622,4878
6623,4879
6624,4880
6625,4881
6626,4882
6627,4883
6628,4884
6629,4885
6630,4886
6631,4887
6632,4888
6633,4889
6634,4890
6635,4891
6636,4892
6637,4893
6638,4894
6639,4895
6640,4896
6641,4897
6642,4898
6643,4899
6644,4900
6645,4901
6646,4902
6647,4903
6648,4904
6649,4905
6650,4906
6651,4907
6652,4908
6653,4909
6654,4910
6655,4911
6656,4912
6657,4913
6658,4914
6659,4915
6660,4916
6661,4917
6662,4918
6663,4919
6664,4920
6665,4921
6666,4922
6667,4923
6668,4924
6669,4925
6670,4926
6671,4927
6672,4928
6673,4929
6674,4930
6675,4931
6676,4932
6677,4933
6678,4934
6679,4935
6680,4936
6681,4937
6682,4938
6683,4939
6684,4940
6685,4941
6686,4942
6687,4943
6688,4944
6689,4945
6690,4946
6691,4947
6692,4948
6693,4949
6694,4950
6695,4951
6696,4952
6697,4953
6698,4954
6699,4955
6700,4956
6701,4957
6702,4958
6703,4959
6704,4960
6705,4961
6706,4962
6707,4963
6708,4964
6709,4965
6710,4966
6711,4967
6712,4968
6713,4969
6714,4970
6715,4971
6716,4972
6717,4973
6718,4974
6719,4975
6720,4976
6721,4977
6722,4978
6723,4979
6724,4980
6725,4981
6726,4982
6727,4983
6728,4984
6729,4985
6730,4986
6731,4987
6732,4988
6733,4989
6734,4990
6735,4991
6736,4992
6737,4992
6738,4992
6739,4992
6740,4992
6741,4992
6742,4992
6743,4992
6744,4992
6745,4992
6746,4992
6747,4992
6748,4992
6749,4992
6750,4992
6751,4992
6752,4992
6753,4992
6754,4992
6755,4992
6756,4992
6757,4992
6758,4992
6759,4992
6760,4992
6761,4992
6762,4992
6763,4992
6764,4992
6765,4992
6766,4992
6767,4992
6768,4992
6769,4992
6770,4992
6771,4992
6772,4992
6773,4992
6774,4992
6775,4992
6776,4992
6777,4992
6778,4992
6779,4992
6780,4992
6781,4992
6782,4992
6783,4992
6784,4992
6785,4992
6786,4992
6787,4992
6788,4992
6789,4992
6790,4992
6791,4992
6792,4992
6793,4992
6794,4992
6795,4992
6796,4992
6797,4992
6798,4992
6799,4992
6800,4992
6801,4992
6802,4992
6803,4992
6804,4992
6805,4992
6806,4992
6807,4992
6808,4992
6809,4992
6810,4992
6811,4992
6812,4992
6813,4992
6814,4992
6815,4992
6816,4992
6817,4992
6818,4992
6819,4992
6820,4992
6821,4992
6822,4992
6823,4992
6824,4992
6825,4992
6826,4992
6827,4992
6828,4992
6829,4992
6830,4992
6831,4992
6832,4992
6833,4992
6834,4992
6835,4992
6836,4992
6837,4992
6838,4992
6839,4992
6840,4992
6841,4992
6842,4992
6843,4992
6844,4992
6845,4992
6846,4992
6847,4992
6848,4992
6849,4992
6850,4992
6851,4992
6852,4992
6853,4992
6854,4992
6855,4992
6856,4992
6857,4992
6858,4992
6859,4992
6860,4992
6861,4992
6862,4992
6863,4992
6864,4992
6865,4992
6866,4992
6867,4992
6868,4992
6869,4992
6870,4992
6871,4992
6872,4992
6873,4992
6874,4992
6875,4992
6876,4992
6877,4992
6878,4992
6879,4992
6880,4992
6881,4992
6882,4992
6883,4992
6884,4992
6885,4992
6886,4992
6887,4992
6888,4992
6889,4992
6890,4992
6891,4992
6892,4992
6893,4992
6894,4992
6895,4992
6896,4992
6897,4992
6898,4992
6899,4992
6900,4992
6901,4992
6902,4992
6903,4992
6904,4992
6905,4992
6906,4992
6907,4992
6908,4992
6909,4992
6910,4992
6911,4992
6912,4992
6913,4992
6914,4992
6915,4993
6916,4994
6917,4995
6918,4996
6919,4997
6920,4998
6921,4999
6922,5000
6923,5001
6924,5002
6925,5003
6926,5004
6927,5005
6928,5006
6929,5007
6930,5008
6931,5009
6932,5010
6933,5011
6934,5012
6935,5013
6936,5014
6937,5015
6938,5016
6939,5017
6940,5018
6941,5019
6942,5020
6943,5021
6944,5022
6945,5023
6946,5024
6947,5025
6948,5026
6949,5027
6950,5028
6951,5029
6952,5030
6953,5031
6954,5032
6955,5033
6956,5034
6957,5035
6958,5036
6959,5037
6960,5038
6961,5039
6962,5040
6963,5041
6964,5042
6965,5043
6966,5044
6967,5045
6968,5046
6969,5047
6970,5048
6971,5049
6972,5050
6973,5051
6974,5052
6975,5053
6976,5054
6977,5055
6978,5056
6979,5057
6980,5058
6981,5059
6982,5060
6983,5061
6984,5062
6985,5063
6986,5064
6987,5065
6988,5066
6989,5067
6990,5068
6991,5069
6992,5070
6993,5071
6994,5072
6995,5073
6996,5074
6997,5075
6998,5076
6999,5077
7000,5078
7001,5079
7002,5080
7003,5081
7004,5082
7005,5083
7006,5084
7007,5085
7008,5086
7009,5087
7010,5088
7011,5089
7012,5090
7013,5091
7014,5092
7015,5093
7016,5094
7017,5095
7018,5096
7019,5097
7020,5098
7021,5099
7022,5100
7023,5101
7024,5102
7025,5103
7026,5104
7027,5105
7028,5106
7029,5107
7030,5108
7031,5109
7032,5110
7033,5111
7034,5112
7035,5113
7036,5114
7037,5115
7038,5116
7039,5117
7040,5118
7041,5119
7042,5120
7043,5121
7044,5122
7045,5123
7046,5124
7047,5125
7048,5126
7049,5127
7050,5128
7051,5129
7052,5130
7053,5131
7054,5132
7055,5133
7056,5134
7057,5135
7058,5136
7059,5137
7060,5138
7061,5139
7062,5140
7063,5141
7064,5142
7065,5143
7066,5144
7067,5145
7068,5146
7069,5147
7070,5148
7071,5149
7072,5150
7073,5151
7074,5152
7075,5153
7076,5154
7077,5155
7078,5156
7079,5157
7080,5158
7081,5159
7082,5160
7083,5161
7084,5162
7085,5163
7086,5164
7087,5165
7088,5166
7089,5167
7090,5168
7091,5169
7092,5170
7093,5171
7094,5172
7095,5173
7096,5174
7097,5175
7098,5176
7099,5177
7100,5178
7101,5179
7102,5180
7103,5181
7104,5182
7105,5183
7106,5184
7107,5185
7108,5186
7109,5187
7110,5188
7111,5189
7112,5190
7113,5191
7114,5192
7115,5193
7116,5194
7117,5194
7118,5194
7119,5194
7120,5194
7121,5194
7122,5194
7123,5194
7124,5194
7125,5194
7126,5194
7127,5194
7128,5194
7129,5194
7130,5194
7131,5194
7132,5194
7133,5194
7134,5194
7135,5194
7136,5194
7137,5194
7138,5194
7139,5194
7140,5194
7141,5194
7142,5194
7143,5194
7144,5194
7145,5194
7146,5194
7147,5194
7148,5194
7149,5194
7150,5194
7151,5194
7152,5194
7153,5194
7154,5194
7155,5194
7156,5194
7157,5194
7158,5194
7159,5194
7160,5194
7161,5194
7162,5194
7163,5194
7164,5194
7165,5194
7166,5194
7167,5194
7168,5194
7169,5194
7170,5194
7171,5194
7172,5194
7173,5194
7174,5194
7175,5194
7176,5195
7177,5196
7178,5197
7179,5198
7180,5199
7181,5200
7182,5201
7183,5202
7184,5203
7185,5204
7186,5205
7187,5206
7188,5207
7189,5208
7190,5209
7191,5210
7192,5211
7193,5212
7194,5213
7195,5214
7196,5215
7197,5216
7198,5217
7199,5218
7200,5219
7201,5220
7202,5221
7203,5222
7204,5223
7205,5224
7206,5225
7207,5226
7208,5227
7209,5228
7210,5229
7211,5230
7212,5231
7213,5232
7214,5233
7215,5234
7216,5235
7217,5236
7218,5237
7219,5238
7220,5239
7221,5240
7222,5241
7223,5242
7224,5243
7225,5244
7226,5245
7227,5246
7228,5247
7229,5248
7230,5249
7231,5250
7232,5251
7233,5252
7234,5253
7235,5254
7236,5255
7237,5256
7238,5257
7239,5258
7240,5259
7241,5260
7242,5261
7243,5262
7244,5263
7245,5264
7246,5265
7247,5266
7248,5267
7249,5268
7250,5269
7251,5270
7252,5271
7253,5272
7254,5273
7255,5274
7256,5275
7257,5276
7258,5277
7259,5278
7260,5279
7261,5280
7262,5281
7263,5282
7264,5283
7265,5284
7266,5285
7267,5286
7268,5287
7269,5288
7270,5289
7271,5290
7272,5291
7273,5292
7274,5293
7275,5294
7276,5295
7277,5296
7278,5297
7279,5298
7280,5299
7281,5300
7282,5301
7283,5302
7284,5303
7285,5304
7286,5305
7287,5306
7288,5307
7289,5308
7290,5309
7291,5310
7292,5311
7293,5312
7294,5313
7295,5314
7296,5315
7297,5316
7298,5317
7299,5318
7300,5319
7301,5320
7302,5321
7303,5322
7304,5323
7305,5324
7306,5325
7307,5326
7308,5327
7309,5328
7310,5329
7311,5330
7312,5331
7313,5332
7314,5333
7315,5334
7316,5335
7317,5336
7318,5337
7319,5338
7320,5339
7321,5340
7322,5341
7323,5342
7324,5343
7325,5344
7326,5345
7327,5346
7328,5347
7329,5348
7330,5349
7331,5350
7332,5351
7333,5352
7334,5353
7335,5354
7336,5355
7337,5356
7338,5357
7339,5358
7340,5359
7341,5360
7342,5361
7343,5362
7344,5363
7345,5364
7346,5365
7347,5366
7348,5367
7349,5368
7350,5369
7351,5370
7352,5371
7353,5372
7354,5373
7355,5374
7356,5375
7357,5376
7358,5377
7359,5378
7360,5379
7361,5380
7362,5381
7363,5382
7364,5383
7365,5384
7366,5385
7367,5386
7368,5387
7369,5388
7370,5389
7371,5390
7372,5391
7373,5392
7374,5393
7375,5394
7376,5395
7377,5396
7378,5397
7379,5398
7380,5399
7381,5400
7382,5401
7383,5402
7384,5403
7385,5404
7386,5405
7387,5406
7388,5407
7389,5408
7390,5409
7391,5410
7392,5411
7393,5412
7394,5413
7395,5414
7396,5415
7397,5416
7398,5417
7399,5418
7400,5419
7401,5420
7402,5421
7403,5422
7404,5423
7405,5424
7406,5425
7407,5426
7408,5427
7409,5428
7410,5429
7411,5430
7412,5431
7413,5432
7414,5433
7415,5434
7416,5435
7417,5436
7418,5437
7419,5438
7420,5439
7421,5440
7422,5441
7423,5442
7424,5443
7425,5444
7426,5445
7427,5446
7428,5447
7429,5448
7430,5449
7431,5450
7432,5451
7433,5452
7434,5453
7435,5454
7436,5455
7437,5456
7438,5457
7439,5458
7440,5459
7441,5460
7442,5461
7443,5462
7444,5463
7445,5464
7446,5465
7447,5466
7448,5466
7449,5466
7450,5466
7451,5466
7452,5466
7453,5466
7454,5466
7455,5466
7456,5466
7457,5466
7458,5467
7459,5468
7460,5469
7461,5470
7462,5471
7463,5472
7464,5473
7465,5474
7466,5475
7467,5476
7468,5477
7469,5478
7470,5479
7471,5480
7472,5481
7473,5482
7474,5483
7475,5484
7476,5485
7477,5486
7478,5487
7479,5488
7480,5489
7481,5490
7482,5491
7483,5492
7484,5493
7485,5494
7486,5495
7487,5496
7488,5497
7489,5498
7490,5499
7491,5500
7492,5501
7493,5502
7494,5503
7495,5504
7496,5505
7497,5506
7498,5507
7499,5508
7500,5509
7501,5510
7502,5511
7503,5512
7504,5513
7505,5514
7506,5515
7507,5516
7508,5517
7509,5518
7510,5519
7511,5520
7512,5521
7513,5522
7514,5523
7515,5524
7516,5525
7517,5526
7518,5527
7519,5528
7520,5529
7521,5530
7522,5531
7523,5532
7524,5533
7525,5534
7526,5535
7527,5536
7528,5537
7529,5538
7530,5539
7531,5540
7532,5541
7533,5542
7534,5543
7535,5544
7536,5545
7537,5546
7538,5547
7539,5548
7540,5549
7541,5550
7542,5551
7543,5552
7544,5553
7545,5554
7546,5555
7547,5556
7548,5557
7549,5558
7550,5559
7551,5560
7552,5561
7553,5562
7554,5563
7555,5564
7556,5565
7557,5566
7558,5567
7559,5568
7560,5569
7561,5570
7562,5571
7563,5572
7564,5573
7565,5574
7566,5575
7567,5576
7568,5577
7569,5578
7570,5579
7571,5580
7572,5581
7573,5582
7574,5583
7575,5584
7576,5585
7577,5586
7578,5587
7579,5588
7580,5589
7581,5590
7582,5591
7583,5592
7584,5593
7585,5594
7586,5595
7587,5596
7588,5597
7589,5598
7590,5599
7591,5600
7592,5601
7593,5602
7594,5603
7595,5604
7596,5605
7597,5606
7598,5607
7599,5608
7600,5609
7601,5610
7602,5611
7603,5612
7604,5613
7605,5614
7606,5615
7607,5616
7608,5617
7609,5618
7610,5619
7611,5620
7612,5621
7613,5622
7614,5623
7615,5624
7616,5625
7617,5626
7618,5627
7619,5628
7620,5629
7621,5630
7622,5631
7623,5632
7624,5633
7625,5634
7626,5635
7627,5636
7628,5637
7629,5638
7630,5639
7631,5640
7632,5641
7633,5642
7634,5643
7635,5644
7636,5645
7637,5646
7638,5647
7639,5648
7640,5649
7641,5650
7642,5651
7643,5652
7644,5653
7645,5654
7646,5655
7647,5656
7648,5657
7649,5658
7650,5659
7651,5660
7652,5661
7653,5662
7654,5663
7655,5664
7656,5665
7657,5666
7658,5667
7659,5668
7660,5669
7661,5670
7662,5671
7663,5672
7664,5673
7665,5674
7666,5675
7667,5676
7668,5677
7669,5678
7670,5679
7671,5680
7672,5681
7673,5682
7674,5683
7675,5684
7676,5685
7677,5686
7678,5687
7679,5688
7680,5689
7681,5690
7682,5691
7683,5692
7684,5693
7685,5694
7686,5695
7687,5696
7688,5697
7689,5698
7690,5699
7691,5700
7692,5701
7693,5702
7694,5703
7695,5704
7696,5705
7697,5705
7698,5705
7699,5705
7700,5705
7701,5705
7702,5705
7703,5705
7704,5705
7705,5705
7706,5705
7707,5705
7708,5705
7709,5705
7710,5705
7711,5705
7712,5705
7713,5705
7714,5705
7715,5705
7716,5705
7717,5705
7718,5705
7719,5705
7720,5705
7721,5705
7722,5705
7723,5705
7724,5705
7725,5705
7726,5705
7727,5705
7728,5705
7729,5705
7730,5705
7731,5705
7732,5705
7733,5705
7734,5705
7735,5705
7736,5705
7737,5705
7738,5705
7739,5705
7740,5705
7741,5705
7742,5705
7743,5705
7744,5705
7745,5705
7746,5705
7747,5705
7748,5705
7749,5705
7750,5705
7751,5705
7752,5705
7753,5706
7754,5707
7755,5708
7756,5709
7757,5710
7758,5711
7759,5712
7760,5713
7761,5714
7762,5715
7763,5716
7764,5717
7765,5718
7766,5719
7767,5720
7768,5721
7769,5722
7770,5723
7771,5724
7772,5725
7773,5726
7774,5727
7775,5728
7776,5729
7777,5730
7778,5731
7779,5732
7780,5733
7781,5734
7782,5735
7783,5736
7784,5737
7785,5738
7786,5739
7787,5740
7788,5741
7789,5742
7790,5743
7791,5744
7792,5745
7793,5746
7794,5747
7795,5748
7796,5749
7797,5750
7798,5751
7799,5752
7800,5753
7801,5754
7802,5755
7803,5756
7804,5757
7805,5758
7806,5759
7807,5760
7808,5761
7809,5762
7810,5763
7811,5764
7812,5765
7813,5766
7814,5767
7815,5768
7816,5769
7817,5770
7818,5771
7819,5772
7820,5773
7821,5774
7822,5775
7823,5776
7824,5777
7825,5778
7826,5779
7827,5780
7828,5781
7829,5782
7830,5783
7831,5784
7832,5785
7833,5786
7834,5787
7835,5788
7836,5789
7837,5790
7838,5791
7839,5792
7840,5793
7841,5794
7842,5795
7843,5796
7844,5797
7845,5798
7846,5799
7847,5800
7848,5801
7849,5802
7850,5803
7851,5804
7852,5805
7853,5806
7854,5807
7855,5808
7856,5809
7857,5810
7858,5811
7859,5812
7860,5813
7861,5814
7862,5815
7863,5816
7864,5817
7865,5818
7866,5819
7867,5820
7868,5821
7869,5822
7870,5823
7871,5824
7872,5825
7873,5826
7874,5827
7875,5828
7876,5829
7877,5830
7878,5831
7879,5832
7880,5833
7881,5834
7882,5835
7883,5836
7884,5837
7885,5838
7886,5839
7887,5840
7888,5841
7889,5842
7890,5843
7891,5844
7892,5845
7893,5846
7894,5847
7895,5848
7896,5849
7897,5850
7898,5851
7899,5852
7900,5853
7901,5854
7902,5855
7903,5856
7904,5857
7905,5858
7906,5859
7907,5860
7908,5861
7909,5862
7910,5863
7911,5864
7912,5865
7913,5866
7914,5867
7915,5868
7916,5869
7917,5870
7918,5871
7919,5872
7920,5873
7921,5874
7922,5875
7923,5876
7924,5877
7925,5878
7926,5879
7927,5880
7928,5881
7929,5882
7930,5883
7931,5884
7932,5885
7933,5886
7934,5887
7935,5888
7936,5889
7937,5890
7938,5891
7939,5892
7940,5893
7941,5894
7942,5895
7943,5896
7944,5897
7945,5898
7946,5899
7947,5900
7948,5901
7949,5902
7950,5903
7951,5904
7952,5905
7953,5906
7954,5907
7955,5908
7956,5909
7957,5910
7958,5911
7959,5912
7960,5913
7961,5914
7962,5915
7963,5916
7964,5917
7965,5918
7966,5919
7967,5920
7968,5921
7969,5922
7970,5923
7971,5924
7972,5925
7973,5926
7974,5927
7975,5928
7976,5929
7977,5930
7978,5931
7979,5932
7980,5933
7981,5934
7982,5935
7983,5936
7984,5936
7985,5936
7986,5936
7987,5936
7988,5936
7989,5936
7990,5936
7991,5936
7992,5936
7993,5936
7994,5936
7995,5936
7996,5936
7997,5936
7998,5936
7999,5936
8000,5936
8001,5936
8002,5936
8003,5936
8004,5936
8005,5936
8006,5936
8007,5936
8008,5936
8009,5936
8010,5936
8011,5936
8012,5936
8013,5936
8014,5936
8015,5936
8016,5936
8017,5936
8018,5936
8019,5936
8020,5936
8021,5936
8022,5936
8023,5936
8024,5936
8025,5936
8026,5936
8027,5936
8028,5936
8029,5936
8030,5936
8031,5936
8032,5936
8033,5936
8034,5936
8035,5936
8036,5936
8037,5936
8038,5936
8039,5936
8040,5936
8041,5936
8042,5936
8043,5936
8044,5936
8045,5936
8046,5936
8047,5936
8048,5936
8049,5936
8050,5936
8051,5936
8052,5936
8053,5936
8054,5936
8055,5936
8056,5936
8057,5936
8058,5936
8059,5936
8060,5936
8061,5936
8062,5936
8063,5936
8064,5936
8065,5936
8066,5936
8067,5936
8068,5936
8069,5937
8070,5938
8071,5939
8072,5940
8073,5941
8074,5942
8075,5943
8076,5944
8077,5945
8078,5946
8079,5947
8080,5948
8081,5949
8082,5950
8083,5951
8084,5952
8085,5953
8086,5954
8087,5955
8088,5956
8089,5957
8090,5958
8091,5959
8092,5960
8093,5961
8094,5962
8095,5963
8096,5964
8097,5965
8098,5966
8099,5967
8100,5968
8101,5969
8102,5970
8103,5971
8104,5972
8105,5973
8106,5974
8107,5975
8108,5976
8109,5977
8110,5978
8111,5979
8112,5980
8113,5981
8114,5982
8115,5983
8116,5984
8117,5985
8118,5986
8119,5987
8120,5988
8121,5989
8122,5990
8123,5991
8124,5992
8125,5993
8126,5994
8127,5995
8128,5996
8129,5997
8130,5998
8131,5999
8132,6000
8133,6001
8134,6002
8135,6003
8136,6004
8137,6005
8138,6006
8139,6007
8140,6008
8141,6009
8142,6010
8143,6011
8144,6012
8145,6013
8146,6014
8147,6015
8148,6016
8149,6017
8150,6018
8151,6019
8152,6020
8153,6021
8154,6022
8155,6023
8156,6024
8157,6025
8158,6026
8159,6027
8160,6028
8161,6029
8162,6030
8163,6031
8164,6032
8165,6033
8166,6034
8167,6035
8168,6036
8169,6037
8170,6038
8171,6039
8172,6040
8173,6041
8174,6042
8175,6043
8176,6044
8177,6045
8178,6046
8179,6047
8180,6048
8181,6049
8182,6050
8183,6051
8184,6052
8185,6053
8186,6054
8187,6055
8188,6056
8189,6057
8190,6058
8191,6059
8192,6060
8193,6061
8194,6062
8195,6063
8196,6064
8197,6065
8198,6066
8199,6067
8200,6068
8201,6069
8202,6070
8203,6071
8204,6072
8205,6073
8206,6074
8207,6075
8208,6076
8209,6077
8210,6078
8211,6079
8212,6080
8213,6081
8214,6082
8215,6083
8216,6084
8217,6085
8218,6086
8219,6087
8220,6088
8221,6089
8222,6090
8223,6091
8224,6092
8225,6093
8226,6094
8227,6095
8228,6096
8229,6097
8230,6098
8231,6099
8232,6100
8233,6101
8234,6102
8235,6103
8236,6104
8237,6105
8238,6106
8239,6107
8240,6108
8241,6109
8242,6110
8243,6111
8244,6112
8245,6113
8246,6114
8247,6115
8248,6116
8249,6117
8250,6118
8251,6119
8252,6120
8253,6121
8254,6122
8255,6123
8256,6124
8257,6125
8258,6126
8259,6127
8260,6128
8261,6129
8262,6130
8263,6131
8264,6132
8265,6133
8266,6134
8267,6135
8268,6136
8269,6137
8270,6138
8271,6139
8272,6140
8273,6141
8274,6142
8275,6143
8276,6144
8277,6145
8278,6146
8279,6147
8280,6148
8281,6149
8282,6150
8283,6151
8284,6152
8285,6153
8286,6154
8287,6155
8288,6156
8289,6157
8290,6158
8291,6159
8292,6160
8293,6161
8294,6162
8295,6163
8296,6164
8297,6165
8298,6166
8299,6167
8300,6168
8301,6169
8302,6170
8303,6171
8304,6172
8305,6173
8306,6174
8307,6175
8308,6176
8309,6177
8310,6178
8311,6179
8312,6180
8313,6181
8314,6182
8315,6183
8316,6184
8317,6185
8318,6186
8319,6187
8320,6188
8321,6189
8322,6190
8323,6191
8324,6192
8325,6193
8326,6194
8327,6195
8328,6196
8329,6197
8330,6198
8331,6199
8332,6200
8333,6201
8334,6202
8335,6203
8336,6204
8337,6205
8338,6206
8339,6207
8340,6208
8341,6209
8342,6210
8343,6211
8344,6212
8345,6213
8346,6214
8347,6215
8348,6216
8349,6217
8350,6218
8351,6219
8352,6220
8353,6221
8354,6222
8355,6223
8356,6224
8357,6225
8358,6226
8359,6227
8360,6228
8361,6229
8362,6230
8363,6231
8364,6232
8365,6233
8366,6234
8367,6235
8368,6236
8369,6237
8370,6238
8371,6239
8372,6240
8373,6241
8374,6242
8375,6243
8376,6244
8377,6245
8378,6246
8379,6247
8380,6248
8381,6249
8382,6250
8383,6251
8384,6252
8385,6253
8386,6254
8387,6255
8388,6256
8389,6257
8390,6258
8391,6259
8392,6260
8393,6261
8394,6262
8395,6263
8396,6264
8397,6265
8398,6266
8399,6267
8400,6268
8401,6269
8402,6270
8403,6271
8404,6272
8405,6273
8406,6274
8407,6275
8408,6276
8409,6277
8410,6278
8411,6279
8412,6280
8413,6281
8414,6282
8415,6283
8416,6284
8417,6285
8418,6286
8419,6287
8420,6288
8421,6289
8422,6290
8423,6291
8424,6292
8425,6293
8426,6294
8427,6295
8428,6296
8429,6297
8430,6298
8431,6299
8432,6300
8433,6301
8434,6302
8435,6303
8436,6304
8437,6305
8438,6306
8439,6307
8440,6308
8441,6309
8442,6310
8443,6311
8444,6312
8445,6313
8446,6314
8447,6315
8448,6316
8449,6317
8450,6318
8451,6319
8452,6320
8453,6321
8454,6322
8455,6323
8456,6324
8457,6325
8458,6326
8459,6327
8460,6328
8461,6329
8462,6330
8463,6331
8464,6332
8465,6333
8466,6334
8467,6335
8468,6336
8469,6337
8470,6338
8471,6339
8472,6340
8473,6341
8474,6342
8475,6343
8476,6344
8477,6345
8478,6346
8479,6347
8480,6348
8481,6349
8482,6350
8483,6351
8484,6352
8485,6353
8486,6354
8487,6355
8488,6356
8489,6357
8490,6358
8491,6359
8492,6360
8493,6361
8494,6362
8495,6363
8496,6364
8497,6365
8498,6366
8499,6367
8500,6368
8501,6369
8502,6370
8503,6371
8504,6372
8505,6373
8506,6374
8507,6375
8508,6376
8509,6377
8510,6378
8511,6379
8512,6380
8513,6381
8514,6382
8515,6383
8516,6384
8517,6385
8518,6386
8519,6387
8520,6388
8521,6389
8522,6390
8523,6391
8524,6392
8525,6393
8526,6394
8527,6395
8528,6396
8529,6397
8530,6398
8531,6399
8532,6400
8533,6401
8534,6402
8535,6403
8536,6404
8537,6405
8538,6406
8539,6407
8540,6408
8541,6409
8542,6410
8543,6411
8544,6412
8545,6413
8546,6414
8547,6415
8548,6416
8549,6417
8550,6418
8551,6419
8552,6420
8553,6421
8554,6422
8555,6423
8556,6424
8557,6425
8558,6426
8559,6427
8560,6428
8561,6429
8562,6430
8563,6431
8564,6432
8565,6433
8566,6434
8567,6435
8568,6436
8569,6437
8570,6438
8571,6439
8572,6440
8573,6441
8574,6442
8575,6443
8576,6444
8577,6445
8578,6446
8579,6447
8580,6448
8581,6449
8582,6450
8583,6451
8584,6452
8585,6453
8586,6454
8587,6455
8588,6456
8589,6457
8590,6458
8591,6459
8592,6460
8593,6461
8594,6462
8595,6463
8596,6464
8597,6465
8598,6466
8599,6467
8600,6468
8601,6469
8602,6470
8603,6471
8604,6472
8605,6473
8606,6474
8607,6475
8608,6476
8609,6477
8610,6478
8611,6479
8612,6480
8613,6481
8614,6482
8615,6483
8616,6484
8617,6485
8618,6486
8619,6487
8620,6488
8621,6489
8622,6490
8623,6491
8624,6492
8625,6493
8626,6494
8627,6495
8628,6496
8629,6497
8630,6498
8631,6499
8632,6500
8633,6501
8634,6502
8635,6503
8636,6504
8637,6505
8638,6506
8639,6507
8640,6508
8641,6509
8642,6510
8643,6511
8644,6512
8645,6513
8646,6514
8647,6515
8648,6516
8649,6517
8650,6518
8651,6519
8652,6520
8653,6521
8654,6522
8655,6523
8656,6524
8657,6525
8658,6526
8659,6527
8660,6528
8661,6529
8662,6530
8663,6531
8664,6532
8665,6533
8666,6534
8667,6535
8668,6536
8669,6537
8670,6538
8671,6539
8672,6540
8673,6541
8674,6542
8675,6543
8676,6544
8677,6545
8678,6546
8679,6547
8680,6548
8681,6549
8682,6550
8683,6551
8684,6552
8685,6553
8686,6554
8687,6555
8688,6556
8689,6557
8690,6558
8691,6559
8692,6560
8693,6561
8694,6562
8695,6563
8696,6564
8697,6565
8698,6566
8699,6567
8700,6568
8701,6569
8702,6570
8703,6571
8704,6572
8705,6573
8706,6574
8707,6575
8708,6576
8709,6577
8710,6578
8711,6579
8712,6580
8713,6581
8714,6582
8715,6583
8716,6584
8717,6585
8718,6586
8719,6587
8720,6588
8721,6589
8722,6590
8723,6591
8724,6592
8725,6593
8726,6594
8727,6595
8728,6596
8729,6597
8730,6598
8731,6599
8732,6600
8733,6601
8734,6602
8735,6603
8736,6604
8737,6605
8738,6606
8739,6607
8740,6608
8741,6609
8742,6610
8743,6611
8744,6612
8745,6613
8746,6614
8747,6615
8748,6616
8749,6617
8750,6618
8751,6619
8752,6620
8753,6621
8754,6622
8755,6623
8756,6624
8757,6625
8758,6626
8759,6627
8760,6628
